collection_slug,slug,title,title_amharic,description,sort_order,status
wudase-mariam,monday,Monday,ውዳሴ ማርያም ሰኞ,"Monday Wudase Mariam praises the Incarnation of Christ, the restoration of Adam and Eve, the joy of Bethlehem, and asks for the intercession of Saint Mary.",1,published
wudase-mariam,tuesday,Tuesday,ውዳሴ ማርያም ማክሰኞ,"Tuesday Wudase Mariam praises Saint Mary as the Virgin Mother of God, the ladder of Jacob, the burning bush, the treasure-house of Christ, and asks for her intercession on behalf of the faithful.",2,published
wudase-mariam,wednesday,Wednesday,ውዳሴ ማርያም ረቡዕ,"Wednesday Wudase Mariam praises Saint Mary as the second heaven, the eastern gate, the city of God, the true cloud, the ark, and the sealed door, while glorifying the Incarnation of the Word and her perpetual virginity.",3,published
wudase-mariam,thursday,Thursday,ውዳሴ ማርያም ሐሙስ,"Thursday Wudase Mariam praises Saint Mary as the burning bush, celebrates the removal of Eve’s curse through her, recalls the angelic announcement and Christ’s birth, and proclaims the redemption brought by the Incarnate Word.",4,published
wudase-mariam,friday,Friday,ውዳሴ ማርያም ዓርብ,"Friday Wudase Mariam praises Saint Mary as the Mother of Light, the spiritual city, the fountain of life, the dwelling-place of the Word, and the ladder to heaven, while celebrating the mystery of the Incarnation and the salvation brought through Christ.",5,published
wudase-mariam,saturday,Saturday,ውዳሴ ማርያም ቅዳሜ,"Saturday Wudase Mariam praises Saint Mary as full of grace, the second heaven, the holy tabernacle, Jacob’s ladder, and the intercessor of the faithful, while proclaiming the Incarnation of Christ and the salvation brought through Him.",6,published
wudase-mariam,sunday,Sunday,ውዳሴ ማርያም እሁድ,"Sunday Wudase Mariam praises Saint Mary through many Old Testament images such as the Holy of Holies, the Ark, the sanctuary, the golden pot of manna, the golden lampstand, the golden censer, the flower from Jesse, and Aaron’s rod, while proclaiming Christ as the mediator of the New Covenant who became incarnate of her for our salvation.",7,published
mezmure-dawit,psalms-01-50,Psalms 01–50,,,1,published
mezmure-dawit,psalms-51-99,Psalms 51–99,,,2,published
mezmure-dawit,psalms-100-150,Psalms 100–150,,,3,published
