slug,title,title_amharic,lyrics_amharic,lyrics_english,transliteration,youtube_url,status,featured
ahade-leke-we-ahade-lemuse,Ahade Leke we Ahade le Musie,አሐደ ለከ,"አሐደ ለከ ወአሐደ ለሙሴ (2)
ወአሐደ ለኤልያስ ንግበር ማኅደረ (4)",,"Ahade Leke we ahade le Musie (2)
We ahade le Eliase negber mahdere (4)",https://youtube.com/shorts/LiPcp9scLlg,published,false
weredo-emeskelu,Werido Emeskelu,ወሪዶ እመስቀሉ,"ወሪዶ እመስቀሉ (2)
እመስቀሉ አብርሃ ለኩሉ
እመስቀሉ ለኩሉ አብርህ",,"Werido emeskelu (2)
Emeskelu abrha lekulu
Emeskelu lekulu abirh",https://www.youtube.com/watch?v=zGvRmcpG0CI,published,false
yomse-leiliyaye,Yomse Le’iliyaye,ዮምሰ ለእሊአየ,"ዮምሰ ለእሊአየ (፪)
አበርህ በመስቀልየ (፬)",,"Yomse le’iliyaye (2)
Aberih bemeskeliye (4)",https://www.youtube.com/watch?v=6TxNaMmyU_w,published,false
tsega-nesaene,Tsega Nesa’ene,ጸጋ ነሣዕነ,"ጸጋ ነሣዕነ ወህይወተ ረከብነ
በሐይለ መስቀሉ ለኢየሱስ ክርስቶስ በኃይለ መስቀሉ
ኪያከ እግዚኦ ነአኩት ወንሴብሐከ እግዚአብሔር

ጸጋን ተቀበልን ሕይወትንም አገኘን (፪)
በመስቀሉ ኃይል በኢየሱስ ክርስቶስ በመስቀሉ ኃይል (፪)
አቤቱ አንተን (፪) እናመሰግንሃለን እግዚአብሔር (፪)",,"Tsega nesa’ene we’hiwote rekebine
Behayle meskelu le’Iyesus Kiristos behayle meskelu
Kiyake egzio neakut wensebhake Egziabher

Tsegan tekebeln hiwotinim agegnen (2)
Bemeskelu hayl be’Iyesus Kiristos bemeskelu hayl (2)
Abetu anten (2) enameseginihalen Egziabher (2)",https://www.youtube.com/watch?v=yiuA47_bl64,published,false
nahu-tefetseme-tsige,Nahu Tefetseme,ናሁ ተፈጸመ,"ናሁ ተፈጸመ ተፈጸመ ናሁ
ማኀሌተ ጽጌ ሥሙር ተፈጸመ ናሁ",,"Nahu tefetseme tefetseme nahu
Mahlete tsige simur tefetseme nahu",https://youtu.be/66QtgEqTMxA,published,false
beki-yitfesihu,Beki Yitfesihu,ብኪ ይትፌሥሑ,ብኪ ይትፌሥሑ ዘገነት ጽጌ ጻድቃን,,Beki yitfesihu zegennet tsige tsadqan,https://www.instagram.com/reel/DQJoWmCAHtv/,published,false
misle-mikael-we-gebriel,Misle Mikael We Gebriel,ምስለ ሚካኤል ወገብርኤል,"ምስለ ሚካኤል ወገብርኤል
ንዒ ሰናይትዬ ማርያም (፪)

ንዒ ••ንዒ•• ንዒ •• ንዒ /፬/

እም አምላክ ንዒ ማርያም (፪)",,"Misle Mikael we Gebriel
Ni senaytye Maryam (×2)

Ni •• ni •• ni •• ni (×4)

Em Amlak ni Maryam (×2)",https://www.youtube.com/watch?v=Rl4y2MYOfA8,published,false
nahu-tefetseme-tsige-asme-ki-betu,Nahu Tefetseme,ናሁ ተፈጸመ,"ናሁ ተፈጸመ ተፈጸመ ናሁ
ማኀሌተ ጽጌ ሥሙር ተፈጸመ ናሁ /፪/

አስምኪ ቦቱ አስምኪ ቦቱ
ንግሥተ ሰማያት /፪/",,"Nahu tefetseme tefetseme nahu
Mahlete tsige simur tefetseme nahu (×2)

Asimki botu asimki botu
Nigistite semayat (×2)",https://youtu.be/66QtgEqTMxA,published,false
reiywo-nolot,Re'iywo Nolot,ርእይዎ ኖሎት,"ርእይዎ ኖሎት /2/
አእኩትዎ መላእክት /2 ጊዜ/
ዮም ሰማያውዊ በጎል ሰከበ
ለዘ ተወልደ እምቅድስት ድንግል /2 ጊዜ/",,,https://youtu.be/Nw9ztbsxdvY?si=M9BkCNtHcnDveasl,published,false
begol-sekebe-beatsrqt,Begol Sekebe,በጎል ሰከበ,"በጎል ሰከበ በአዕፅርቅት ተጠብለለ
ኀደረ ማኅፀነ ድንግል /2 ጊዜ/

እፎ ተሴሰየ ተሴሰየ
ሀሊበ ከመ ሕፃናት ተሴሰየ /2 ጊዜ/",,,https://youtu.be/_KlIL47WQKE?si=m2o0v5JmKylfx737,published,false
anferatsu-sebea-segel,Anferatsu Seba Segel,አንፈራፁ ሰብአ ሰገል,"አንፈራፁ ሰብአ ሰገል
አንፈራፁ ሰበእ ሰገል /2 ጊዜ/

አምኃሆሙ አምጽኡ መድምመ /2 ጊዜ/",,,https://youtu.be/N1e-hSSB0_I?si=Lj2H2E7JIhlrBpRy,published,false
aman-beaman-menkir,Aman beAman Menkir,አማን በአማን መንክር,"አማን በአማን /2/
መንክር /2 ጊዜ/

መንክር ስብሐተ ልደቱ /4 ጊዜ/",,,https://www.youtube.com/watch?v=NoUgxs9fJ_Q,published,false
begol-sekebe-beatsriqt,Begol Seke BeAtsriq Tetebilele,በጎል ሰከ በአፅርቅ ተጠብለለ,"በጎል ሰከ በአፅርቅ ተጠብለለ /2 ጊዜ/

ቤዛ ኩሉ ዓልም
ቤዛ ኩለም ዮም ተወልደ /2 ጊዜ/",,,https://youtu.be/gvbaI5NZmCU?si=W1ZVGth2Sz1j_73L,published,false
aman-beaman,Aman Beaman,አማን በአማን,"አማን በአማን (2) ተንስአ (2)
ተንስአ እምነ ሙታን (4)",,"Aman beaman (2) tense’a (2)
Tens’a eminemutan (4)",https://youtu.be/c-I8iyHkjFI,published,false
wemidrni-tigebir-fasika,Wemidrni Tigebir Fasika,ወምድርኒ ትገብር ፋሲካ,"ወምድርኒ ትገብር ፋሲካ (2)
ተሐጺባ በደመ ክርስቶስ (4)",,"Wemidrni tigebir fasika (2)
Tehatsiba bedeme kirstos (4)",https://www.youtube.com/watch?v=HSjBzRMKktI,published,false
selam-yikun,Selam Yikun,ሰላም,"ሰላም (4)
እምይእዜሰ ይኩን ሰላም (4)",,"Selam (4)
Emyieziese yikun selam (4)",https://www.youtube.com/watch?v=8RLIgSwQkaU,published,false
selam-selam-tinsae,Selam Selam,ሰላም ሰላም,"ሰላም ሰላም
እምይእዜሰ ይኩን ሰላም /x2/

ሰላም ሰላም
ከእንግዲህስ ይሁን ሰላም /x2/",,"Selam selam
Emyize se yikun selam (x2)

Selam selam
Ke'engidihis yihun selam (x2)",https://www.youtube.com/watch?v=8RLIgSwQkaU,published,false
bahiranini-yibe-amarya,Baḥiranini Yibe,ባሕራንኒ ይቤ,"አማርያ

ባሕራንኒ ይቤ ዘነገደ ባሕረ (2x)

ርኢክዎ ለሚካኤል ወስዕንኩ ጠይቆቶ ስዕን (2x)",,"Amarya

Baḥiranini yibe zenegede baḥire (2x)

Riiko Lemikaeli wesiiniku teyikoto siluniku (2x)",https://youtu.be/_mfJ4ltt80A,published,false
