"section_slug","collection_slug","parent_section_slug","sort_order","title_english","title_amharic","summary_english","summary_amharic","content_type","display_style","show_in_contents","step_number","is_expandable","status","review_status","review_note"
"preparing-for-church","guided-practice","","1","Preparing to Go to Church","ወደ ቤተ ክርስቲያን ለመሄድ መዘጋጀት","Wash, keep clean, and wear white clothing when going to church.","ከእንቅልፍ በኋላ ታጥቦ፣ ንጽሕናን ጠብቆ ነጭ ልብስ ለብሶ ወደ ቤተ ክርስቲያን መሄድ።","instruction","step_card","true","1","false","draft","draft",""
"church-grounds","guided-practice","","2","At the Church Grounds","ወደ ቤተ ክርስቲያን ግቢ ሲደርሱ","Step onto the church grounds with the right foot first.","በቤተ ክርስቲያን ግቢ ያለውን ደረጃ በቀኝ እግር መጀመር።","instruction","step_card","true","2","false","draft","needs_review","The source term “መቃምድር” is unclear; confirm its spelling and meaning before publication."
"entering-the-church","guided-practice","","3","Entering the Church","ወደ ቤተ ክርስቲያን ሲገቡ","Kiss the church door when entering.","ሲገቡ የቤተ ክርስቲያኑን በር መሳለም።","instruction","step_card","true","3","false","draft","needs_review","The source reads “ወደ ውጥ,” which appears inconsistent; verify the intended word."
"sanctuary-entrance","guided-practice","","4","At the Sanctuary Entrance","በቤተ መቅደሱ በር","Bow three times and make the sign of the Cross at the sanctuary door.","በቤተ መቅደሱ በር ሦስት ጊዜ መስገድና የመስቀል ምልክት ማድረግ።","instruction","step_card","true","4","false","draft","needs_review","The source has “ወል” and “በማማተብ”; verify these forms against the original before publication."
"church-greeting","guided-practice","","5","Greeting the Church","የቤተ ክርስቲያን ሰላምታ","Offer the greeting of peace to the church.","ለቤተ ክርስቲያን የሰላምታ ጸሎት ማቅረብ።","prayer","prayer_block","true","5","false","draft","needs_review","The phrase “ተጽፈሻልና” is retained from the source; confirm the intended nuance of “depicted.”"
"thanksgiving","guided-practice","","6","Thanksgiving","ምስጋና","Give thanks for protection, health, and the light of this day.","እስከ ዛሬ ስለተሰጠው ጥበቃ፣ ጤናና ብርሃን ምስጋና ማቅረብ።","prayer","prayer_block","true","6","false","draft","needs_review","The source heading is “ምጋና” and includes “የመገነን”; verify the latter phrase. The English translation marks that omission explicitly."
"supplication","guided-practice","","7","Supplication","ልመና","Ask for blessing, health, and protection from trials.","ለቀሪው ዘመን በረከት፣ ጤናና ከፈተና ጥበቃ መለመን።","prayer","prayer_block","true","7","false","draft","needs_review","The source contains “ከእስከ አሁኑ”; verify the intended comparative wording."
"order-introduction","foundations","","8","The Order of Prayer","የጸሎት ሥርዓት","Prayer thanks the Creator and seeks forgiveness of sin.","ጸሎት ፈጣሪን ማመስገንና የኃጢአት ስርየት መለመን ነው።","overview","article","true","","false","draft","draft",""
"canonical-hours","foundations","","9","Seven Hours of Prayer","ሰባቱ የጸሎት ሰዓታት","The seven daily prayer times and prayer at church.","ሰባቱ የቀን ጸሎት ጊዜያትና በቤተ ክርስቲያን የሚደረግ ጸሎት።","timeline","timeline","true","","false","draft","needs_review","The parenthetical claims about midnight and the Psalm numbering are retained from the supplied English source and need ecclesiastical review."
"kinds-of-prayer","foundations","","10","Kinds of Prayer","የጸሎት ዓይነቶች","The three kinds are private, family, and public prayer.","የግል፣ የቤተሰብና የማኅበር ጸሎት ሦስቱ ዓይነቶች ናቸው።","overview","group_overview","true","","false","draft","draft",""
"private-prayer","ways-we-pray","kinds-of-prayer","11","Private Prayer","የግል ጸሎት","Prayer offered privately at home or another suitable place.","በቤት ወይም በተስማሚ ቦታ በግል የሚደረግ ጸሎት።","article","accordion","false","","true","draft","draft",""
"family-prayer","ways-we-pray","kinds-of-prayer","12","Family Prayer","የቤተሰብ ጸሎት","Prayer offered together by family members.","የቤተሰብ አባላት በአንድነት የሚያቀርቡት ጸሎት።","article","accordion","false","","true","draft","draft",""
"public-prayer","ways-we-pray","kinds-of-prayer","13","Public Prayer","የማኅበር ጸሎት","Prayer offered by clergy and laity gathered together.","ካህናትና ምእመናን ተሰብስበው የሚያቀርቡት ጸሎት።","article","accordion","false","","true","draft","needs_review","Several source citations and the description of the earliest gathering places may need verification."
"saatat-and-hymns","ways-we-pray","","14","Saatat and Hymns","ሰዓታትና ዝማሬ","Saatat and hymns are conducted in churches and monasteries.","ሰዓታት በገዳማትና በትልልቅ አብያተ ክርስቲያናት ይደረጋል፤ ዝማሬም በአንድነት ይቀርባል።","article","accordion","true","","true","draft","needs_review","The source spells “Seatati,” “Abba Georgia,” and “Tsenat͟sili”; review transliterations and exact liturgical claims."
"priestly-prayers","liturgy","","15","Prayers with Priests and Laity","ካህናትና ምእመናን የሚሳተፉባቸው ጸሎቶች","Prayers conducted by priests with the participation of the laity.","ካህናት ከምእመናን ጋር የሚያደርጉት የተለያዩ ጸሎቶች።","article","accordion","true","","true","draft","draft",""
"parts-of-liturgy","liturgy","","16","Three Parts of the Liturgy","የቅዳሴ ሦስቱ ክፍሎች","Liturgical prayer is described in three parts.","የቅዳሴ ጸሎት ሦስት ክፍሎች አሉት።","article","accordion","true","","true","draft","needs_review","The source gives English incipits only. Verify established Amharic liturgical wording rather than publishing these back-translated incipits as canonical text."
"fourteen-anaphoras","liturgy","","17","Fourteen Anaphoras","አሥራ አራቱ የቅዳሴ አንቀጾች","A list of fourteen anaphoras used for Holy Communion.","ቅዱስ ቁርባን የሚከበርባቸው አሥራ አራት አናፎራዎች።","reference","reference_list","true","","true","draft","needs_review","Names are translated from the supplied English list; verify official Amharic names and order."
"prayer-posture","prayer-practice","","18","Practices During Prayer","በጸሎት ጊዜ የሚጠበቁ ሥርዓቶች","Standing, clothing, and facing east during prayer.","በጸሎት ጊዜ መቆም፣ መልበስና ወደ ምሥራቅ መመልከት።","instruction","step_card","true","","false","draft","draft",""
"sign-of-cross","prayer-practice","","19","The Sign of the Cross","የመስቀል ምልክት","Making the sign of the Cross at the beginning and end of prayer.","በጸሎት መጀመሪያና መጨረሻ የመስቀል ምልክት ማድረግ።","instruction","step_card","true","","false","draft","needs_review","The hand-position description and English formula are from the supplied source; verify accepted Amharic wording."
"attention-in-prayer","prayer-practice","","20","Attention in Prayer","በጸሎት ውስጥ ትኩረት","Praying humbly and quietly with attention on God.","በትሕትናና በዝምታ መጸለይ፣ ሐሳብንም በእግዚአብሔር ፊት ማቅረብ።","instruction","article","true","","true","draft","draft",""
"litany","prayers-of-the-church","","21","Prayer of Litany","የምሕላ ጸሎት","A prayer for mercy during times of trouble.","በችግር ጊዜ በጾምና በጸሎት ምሕረትን መለመን።","article","accordion","true","","true","draft","draft",""
"prayer-for-the-dead","prayers-of-the-church","","22","Prayer for the Dead","ለሙታን ጸሎት","Prayer that the Church offers for the dead.","ቤተ ክርስቲያን ለሙታን የምታቀርበው ጸሎት።","article","accordion","true","","true","draft","needs_review","Source citations vary between Didasc. Arts. 33 and 22; “Barock” and “Lk. 20:3739” appear as given. Verify citations and theological wording before publication."
"commemoration","prayers-of-the-church","","23","Days of Commemoration","ለሙታን የመታሰቢያ ቀናት","Days of commemoration and prayers for the dead.","ለሙታን የመታሰቢያ ቀናትና በእነሱ የሚደረጉ ጸሎቶች።","article","accordion","true","","true","draft","needs_review","Verify the commemorative days and cited article with an authorized reviewer."
"other-intercessions","prayers-of-the-church","","24","Other Prayers of the Church","ሌሎች የቤተ ክርስቲያን ጸሎቶች","The Church prays for people, peace, and many needs.","ቤተ ክርስቲያን ለሕዝብ፣ ለሰላምና ለተለያዩ ፍላጎቶች ትጸልያለች።","article","accordion","true","","true","draft","draft",""
