"content_id","section_slug","content_order","content_kind","language","heading","body","source_reference","review_status","review_note","status"
"preparing-for-church-am","preparing-for-church","1","instruction","am","ወደ ቤተ ክርስቲያን ለመሄድ መዘጋጀት","በመጀመሪያ ከእንቅልፍ ስንነሳ ፊታችንን ታጥበን፣ ንጽሕናችንን ጠብቀን፣ ክርስቲያናዊ ነጭ ልብስ ለብሰን መሄድ።","","draft","","draft"
"preparing-for-church-en","preparing-for-church","2","instruction","en","Preparing to Go to Church","First, when we wake from sleep, we wash our faces, keep ourselves clean, put on white Christian clothing, and go to church.","","draft","","draft"
"church-grounds-am","church-grounds","1","instruction","am","ወደ ቤተ ክርስቲያን ግቢ ሲደርሱ","ከቤተ ክርስቲያን ቅጥር ግቢ ስንደርስ፣ የምንራመደው ደረጃ በቤተ ክርስቲያን መቃምድር ይባላል። እሱን ስንራመድ የምናስቀድመው ቀኝ እግራችንን ነው።","","needs_review","The source term “መቃምድር” is unclear; confirm its spelling and meaning before publication.","draft"
"church-grounds-en","church-grounds","2","instruction","en","At the Church Grounds","When we reach the church grounds, the step we cross is called “መቃምድር” in the source. We step with the right foot first.","","needs_review","The source term “መቃምድር” is unclear; confirm its spelling and meaning before publication.","draft"
"entering-the-church-am","entering-the-church","1","instruction","am","ወደ ቤተ ክርስቲያን ሲገቡ","ወደ ውጥ ስንገባ በሩን መሳለም።","","needs_review","The source reads “ወደ ውጥ,” which appears inconsistent; verify the intended word.","draft"
"entering-the-church-en","entering-the-church","2","instruction","en","Entering the Church","When entering, kiss the door.","","needs_review","The source reads “ወደ ውጥ,” which appears inconsistent; verify the intended word.","draft"
"sanctuary-entrance-am","sanctuary-entrance","1","instruction","am","በቤተ መቅደሱ በር","ቤተ መቅደሱ በር ስንደርስ፣ ሦስት ጊዜ እየሰገድን እንላለን፦ በአብ፣ በወል፣ በመንፈስ ቅዱስም ስም። ፊታችንን ሦስት ጊዜ በማማተብ ወይም በመባረክ የቤተ ክርስቲያኑን ሰላምታ እንላለን፤ ከዚያም የሕሊና ጸሎት ምስጋና እንጸልያለን።","","needs_review","The source has “ወል” and “በማማተብ”; verify these forms against the original before publication.","draft"
"sanctuary-entrance-en","sanctuary-entrance","2","instruction","en","At the Sanctuary Entrance","At the sanctuary door, bow three times and say the words invoking the Father, the Son, and the Holy Spirit. Make the sign of the Cross on the face three times and greet the church. Then offer the thanksgiving prayer inwardly, as the source describes.","","needs_review","The source has “ወል” and “በማማተብ”; verify these forms against the original before publication.","draft"
"church-greeting-am","church-greeting","1","prayer","am","የቤተ ክርስቲያን ሰላምታ","ቤተ ክርስቲያን ሆይ፣ ሰላም እልሻለሁ፤ በኢየሩሳሌም አምሳል ተጽፈሻልና።","","needs_review","The phrase “ተጽፈሻልና” is retained from the source; confirm the intended nuance of “depicted.”","draft"
"church-greeting-en","church-greeting","2","prayer","en","Greeting the Church","O Church, I greet you in peace, for you are depicted in the likeness of Jerusalem.","","needs_review","The phrase “ተጽፈሻልና” is retained from the source; confirm the intended nuance of “depicted.”","draft"
"thanksgiving-am","thanksgiving","1","prayer","am","ምስጋና","ከተወለድንበት ጀምሮ እስከ ዛሬ ድረስ የጠበቀንን፣ የመገነን፣ ጤና የሰጠንን፣ እንድንኖር የዛሬዋን ብርሃን እንድናይ ስለፈቀድክልን እናመሰግናለን።","","needs_review","The source heading is “ምጋና” and includes “የመገነን”; verify the latter phrase. The English translation marks that omission explicitly.","draft"
"thanksgiving-en","thanksgiving","2","prayer","en","Thanksgiving","We thank You for watching over us from our birth until today, for giving us health, and for allowing us to live and see the light of this day. [One phrase in the Amharic source is unclear.]","","needs_review","The source heading is “ምጋና” and includes “የመገነን”; verify the latter phrase. The English translation marks that omission explicitly.","draft"
"supplication-am","supplication","1","prayer","am","ልመና","እግዚአብሔር ሆይ፣ በዕድሜዬ ላይ ጨምረህ እስካሁን በበረከት የጠበቅኸኝ አምላክ፣ ቀሪ ዘመኔን ከእስከ አሁኑ የበለጠ ባርከህ በጤና አኑረኝ። ትላንት ጸሎቴን የሰማህ መድኃኔዓለም ክርስቶስ፣ አሁንም ከፈተና ጠብቀህ በሰላም አኑረኝ። አሜን።","","needs_review","The source contains “ከእስከ አሁኑ”; verify the intended comparative wording.","draft"
"supplication-en","supplication","2","prayer","en","Supplication","O God, who has added to my years and kept me in blessing until now, bless the rest of my life more than before and let me live in health. Christ, Savior of the World, who heard my prayer yesterday, protect me from trials now and let me live in peace. Amen.","","needs_review","The source contains “ከእስከ አሁኑ”; verify the intended comparative wording.","draft"
"order-introduction-am","order-introduction","1","body","am","የጸሎት ሥርዓት","ጸሎት ሰው በእምነት ከፈጣሪው ጋር የሚነጋገርበት፣ እርሱን የሚያመሰግንበትና ስለ ኃጢአቱ ስርየት የሚለምንበት ቃል ነው (ፍትሐ ነገሥት 14:528)። የጸሎት መሠረት፦ “ለምኑ ይሰጣችሁማል፤ ፈልጉ ታገኛላችሁም፤ አንኳኩ ይከፈትላችኋልም” የሚለው መለኮታዊ ቃል ነው (ማቴ. 7:7)። ለጸሎት የተወሰነ ጊዜና ቦታ አለ። ካህናትና ምእመናን ወደ ቤተ ክርስቲያን የሚሄዱበት ጊዜ ጠዋትና ማታ፣ በጾም ወቅትም እኩለ ቀን ነው።","","draft","","draft"
"order-introduction-en","order-introduction","2","body","en","The Order of Prayer","Prayer is a word by which man communicates with his Creator in Faith, thanking and beseeching Him for the forgiveness of his sin. (Fetha Negest 14:528). The basis of prayer is the divine word which runs “Ask, and it will be given to you, seek, and you will find, knock and it will be opened to you”. (Mt. 7:7). For prayer, there is a particular time and place. The time during which the clergy and the laity go to church are mornings and evenings also mid days in the fasting season.","","draft","","draft"
"canonical-hours-am","canonical-hours","1","body","am","ሰባቱ የጸሎት ሰዓታት","በቀን ሰባት ጊዜ ጸሎት ይደረጋል (መዝ. 118:164)፦ ጠዋት፤ በሦስተኛው ሰዓት፤ እኩለ ቀን፤ በዘጠነኛው ሰዓት፤ ፀሐይ ስትጠልቅ (ምሽት)፤ ከመኝታ በፊት፤ እና እኩለ ሌሊት። ጽሑፉ ጌታችንና መድኃኒታችን ኢየሱስ ክርስቶስ በእኩለ ሌሊት እንደተወለደ፣ እንደተጠመቀ፣ ከሙታን እንደተነሣና ለፍርድ ዳግመኛ እንደሚመጣ ይገልጻል። ምእመናንና ካህናት ሁልጊዜ ጠዋትና ማታ ወደ ቤተ ክርስቲያን መሄድ አለባቸው፤ በቀሩት ሰዓታት ግን ባሉበት ቦታ መጸለይ ይችላሉ (ፍትሐ ነገሥት 14፤ ዲዳስቅልያ 12)።","","needs_review","The parenthetical claims about midnight and the Psalm numbering are retained from the supplied English source and need ecclesiastical review.","draft"
"canonical-hours-en","canonical-hours","2","body","en","Seven Hours of Prayer","Prayers are said seven times a day (Ps. 118:164): in the morning; at the third hour; at noon; at the ninth hour; at sunset (evening); at bedtime; and at midnight. The source states that Our Lord and Savior Eyesus Christos was born, baptized, rose from the dead, and will come again for judgment at midnight. The faithful and the clergy have to go to church every morning and evening. At the remaining hours they can pray wherever they are (Fetha Negest 14; Didas 12).","","needs_review","The parenthetical claims about midnight and the Psalm numbering are retained from the supplied English source and need ecclesiastical review.","draft"
"kinds-of-prayer-am","kinds-of-prayer","1","body","am","የጸሎት ዓይነቶች","ሦስት የጸሎት ዓይነቶች አሉ፦ የግል ጸሎት፣ የቤተሰብ ጸሎት፣ እና የማኅበር ጸሎት።","","draft","","draft"
"kinds-of-prayer-en","kinds-of-prayer","2","body","en","Kinds of Prayer","There are three kinds of prayers: private prayer, family prayer, and public prayer.","","draft","","draft"
"private-prayer-am","private-prayer","1","body","am","የግል ጸሎት","የግል ጸሎት በቤት ወይም በሌላ ተስማሚ ቦታ ይደረጋል። ሰው ማንም እንዳያየውና እንዳይሰማው በሩን ዘግቶ፣ ልቡን ወደ ፈጣሪው አንሥቶ፣ በእርሱ ብቻ እንዲታይና እንዲሰማ የሚያቀርበው የተከበረ ጸሎት ነው (ማቴ. 6:5–13)።","","draft","","draft"
"private-prayer-en","private-prayer","2","body","en","Private Prayer","Private prayer is said at home and at any appropriate place. It is a solemn prayer made to God privately by shutting one's room so as not to be seen or heard by anyone, and lifting one's heart to the Creator to be seen and heard by Him alone (Mt. 6:5–13).","","draft","","draft"
"family-prayer-am","family-prayer","1","body","am","የቤተሰብ ጸሎት","የቤተሰብ ጸሎት የቤተሰብ አባላት ሁሉ በአንድነት የሚያቀርቡት ጸሎት ነው። የመቶ አለቃው ቆርኔሌዎስ ጸሎት ለዚህ ምሳሌ ነው (ሐዋ. 10:2–6)።","","draft","","draft"
"family-prayer-en","family-prayer","2","body","en","Family Prayer","Family prayer is a prayer offered together by all the members of a family. The prayer of Cornelius the Centurion is an example (Acts 10:2–6).","","draft","","draft"
"public-prayer-am","public-prayer","1","body","am","የማኅበር ጸሎት","የማኅበር ጸሎት ካህናትና ምእመናን፣ ወንዶችና ሴቶች፣ ሽማግሌዎችና ወጣቶች በቤተ ክርስቲያን ወይም በተስማሚ ስፍራ ተሰብስበው የሚያደርጉት ጸሎት ነው። በብሉይ ኪዳን ምእመናን ወደ ቤተ መቅደስ ሄደው ይጸልዩ እንደነበር እናነባለን (1 ሳሙ. 1:9–13፤ መዝ. 12:1፤ ሉቃ. 18:10–14)። በአዲስ ኪዳንም ሐዋርያትና ተከታዮቻቸው በላይኛው ክፍል እና በቅዱስ ማርቆስ እናት ማርያም ቤት ተሰብስበው ይጸልዩ ነበር፤ በአንጾኪያ የመጀመሪያዋ ቤተ ክርስቲያንም በአንድነት ይጸልዩ ነበር (ሐዋ. 1:14, 25፤ 3:1፤ 12:12፤ 13:1–3)። በዚህ መሠረት ቤተ ክርስቲያናችን ካህናትና ምእመናን በጸሎት፣ በዝማሬ፣ በቅዳሴና በሰዓታት በአንድነት ጌታን እንዲያመሰግኑ ሥርዓት አድርጋለች።","","needs_review","Several source citations and the description of the earliest gathering places may need verification.","draft"
"public-prayer-en","public-prayer","2","body","en","Public Prayer","Public prayer is said by clergy and laity, men and women, old and young gathered in the church or another suitable place. The source cites the faithful praying in the temple in the Old Testament (1 Sam. 1:9–13; Ps. 12:1; Lk. 18:10–14), and the apostles and their followers praying in the upper room, at the house of Mariam, St. Mark's mother, and at the first church of Antioch (Acts 1:14, 25; 3:1; 12:12; 13:1–3). Accordingly, the Church has established prayer, hymn, liturgy, and Saatat for clergy and laity to praise the Lord together.","","needs_review","Several source citations and the description of the earliest gathering places may need verification.","draft"
"saatat-and-hymns-am","saatat-and-hymns","1","body","am","ሰዓታትና ዝማሬ","ሰዓታት በገዳማትና በትልልቅ አብያተ ክርስቲያናት ዓመቱን ሙሉ፣ በእሑድና በበዓላት ይከናወናል። ለሙታንም በሌሊት ይደረጋል፤ የቀን ሰዓታትም አለ። በጾም ጊዜ በየሰዓቱ በየቀኑ ይደረጋል (የአባ ጊዮርጊስ ሰዓታት)። ዝማሬ ካህናት በመቋሚያ፣ በጽናጽልና በከበሮ በአንድነት የሚያቀርቡት መዝሙር ነው። የዐቢይ ጾም ዝማሬ ግን ያለ ጽናጽልና ከበሮ፣ በመቋሚያ ብቻ ይዘመራል።","","needs_review","The source spells “Seatati,” “Abba Georgia,” and “Tsenat͟sili”; review transliterations and exact liturgical claims.","draft"
"saatat-and-hymns-en","saatat-and-hymns","2","body","en","Saatat and Hymns","Saatat is conducted throughout the year in monasteries and large churches, on Sundays and holidays. It is also performed for the dead at night, and there is a daytime Saatat. During fasting it is said daily at every hour (Abba Giorgis' Saatat). Hymns are sung together by the clergy with prayer staffs (Mekwamiya), sistrums (Tsenatsil), and drums (Kebero). The hymn of Lent is sung with prayer staffs only, without sistrums or drums.","","needs_review","The source spells “Seatati,” “Abba Georgia,” and “Tsenat͟sili”; review transliterations and exact liturgical claims.","draft"
"priestly-prayers-am","priestly-prayers","1","body","am","ካህናትና ምእመናን የሚሳተፉባቸው ጸሎቶች","ካህናት ከምእመናን ተሳትፎ ጋር የሚያደርጉት ጸሎት፦ ለአዲስ ቤተ ክርስቲያን ቅዳሴ ወይም ምረቃ፣ ጥምቀት፣ ሹመትና ቅድስና፣ ጋብቻ፣ ምሕላ፣ ለሙታን ጸሎት፣ እና ቅዳሴ።","","draft","","draft"
"priestly-prayers-en","priestly-prayers","2","body","en","Prayers with Priests and Laity","Prayers conducted by priests with the participation of the laity include the consecration or dedication of a new church, Baptism, Ordination and Consecration, Matrimony, Litany, prayer for the Dead, and the Liturgy.","","draft","","draft"
"parts-of-liturgy-am","parts-of-liturgy","1","body","am","የቅዳሴ ሦስቱ ክፍሎች","የኢትዮጵያ ኦርቶዶክስ ተዋሕዶ ቤተ ክርስቲያን የቅዳሴ ጸሎት ሦስት ክፍሎች አሉት፦ (1) ከ“ወንድሜ ሆይ፣ ኃጢአትህን አስብ” እስከ “ይህ ቀን እንዴት የሚያስፈራ ነው” የዝግጅት አገልግሎት፤ (2) ከ“ይህ ቀን እንዴት የሚያስፈራ ነው” እስከ “ምዕመናን ያልሆናችሁ ውጡ” የቁርባኑ የመጀመሪያ ክፍል፤ (3) ከዚያ በኋላ የቅዳሴው ዋና ክፍል። የዚህ አፈጻጸም በቅዳሴ መጽሐፍና በፍትሐ ነገሥት አንቀጽ 12 በዝርዝር ተቀምጧል።","","needs_review","The source gives English incipits only. Verify established Amharic liturgical wording rather than publishing these back-translated incipits as canonical text.","draft"
"parts-of-liturgy-en","parts-of-liturgy","2","body","en","Three Parts of the Liturgy","Ethiopian Orthodox Tewahedo Church liturgical prayer has three parts: (1) from “O my brother, think of thy sin” to “How awful this day,” the preparatory service; (2) from “How awful is this day” to “Go forth, ye catechumens,” the first part of the Eucharist; and (3) the main part of the Holy Liturgy after “Go forth, ye catechumens.” The procedure is detailed in the Holy Liturgy and Fetha Negest, Article 12.","","needs_review","The source gives English incipits only. Verify established Amharic liturgical wording rather than publishing these back-translated incipits as canonical text.","draft"
"fourteen-anaphoras-am","fourteen-anaphoras","1","reference","am","አሥራ አራቱ የቅዳሴ አንቀጾች","ቤተ ክርስቲያኗ ቅዱስ ቁርባንን የምታከብርባቸው አሥራ አራት አናፎራዎች አሏት፦ የሐዋርያት፤ የጌታ፤ የነጎድጓድ ልጅ ዮሐንስ፤ የእመቤታችን ቅድስት ድንግል ማርያም፤ የሦስቱ መቶ፤ የቅዱስ አትናቴዎስ፤ የቅዱስ ባስልዮስ፤ የቅዱስ ጎርጎርዮስ የቅዱስ ባስልዮስ ወንድም፤ የቅዱስ ኤጲፋንዮስ፤ የቅዱስ ዮሐንስ አፈወርቅ፤ የቅዱስ ቄርሎስ፤ የሰሩግ ያዕቆብ፤ የዲዮስቆሮስ፤ እና የሁለተኛው ቅዱስ ጎርጎርዮስ።","","needs_review","Names are translated from the supplied English list; verify official Amharic names and order.","draft"
"fourteen-anaphoras-en","fourteen-anaphoras","2","reference","en","Fourteen Anaphoras","The Church celebrates Holy Communion with fourteen anaphoras: of the Apostles; of the Lord; of John, Son of Thunder; of Our Holy Mother Virgin Mariam; of the Three Hundred; of St. Athanasius; of St. Bassilios; of St. Gregory, brother of St. Bassilios; of St. Epiphanius; of St. John Chrysostom; of St. Cyril; of St. Jacob of Serough; of Dioscorus; and of St. Gregory the Second.","","needs_review","Names are translated from the supplied English list; verify official Amharic names and order.","draft"
"prayer-posture-am","prayer-posture","1","instruction","am","በጸሎት ጊዜ የሚጠበቁ ሥርዓቶች","በጸሎት ጊዜ እነዚህ ሥርዓቶች ይጠበቃሉ፦ (1) በምሰሶ ወይም በግድግዳ ሳይደገፉ በሁለት እግሮች ቀጥ ብሎ መቆም (መዝ. 5:3)። (2) ወገብን መታጠቅና ትከሻንና ወገብን የሚሸፍን ልብስ መልበስ (ሉቃ. 12:35፤ ፍትሐ ነገሥት አንቀጽ 14)። (3) ወደ ምሥራቅ ፊትን አዙሮ፣ ወዲያ ወዲህ ሳይንቀሳቀሱና ግራ ቀኝ ሳይመለከቱ መቆም፤ እጆችን ዘርግቶና ልብን አንሥቶ መጸለይ (መዝ. 133:2፤ ዮሐ. 11:41)።","","draft","","draft"
"prayer-posture-en","prayer-posture","2","instruction","en","Practices During Prayer","During prayer, the source directs one to: (1) stand upright on both feet without leaning on a pole or wall (Ps. 5:3); (2) gird the waist and wear clothing that covers the shoulders and waist (Lk. 12:35; Fetha Negest, Article 14); and (3) face east without moving about or looking left and right, praying with hands extended and heart lifted up (Ps. 133:2; Jn. 11:41).","","draft","","draft"
"sign-of-cross-am","sign-of-cross","1","instruction","am","የመስቀል ምልክት","በጸሎት መጀመሪያና መጨረሻ ጠቋሚ ጣትን ከሦስቱ የተጣመሙ ጣቶች ጋር የመስቀል ቅርጽ በሚፈጥር መልኩ በማድረግ የመስቀል ምልክት ማድረግ። ከግንባር ወደ ታች፣ ከግራ ወደ ቀኝ ይደረጋል። በዚያን ጊዜ የጌታችንና የመድኃኒታችን ኢየሱስ ክርስቶስን ስቃይ ማስታወስ ያስፈልጋል (ሉቃ. 11:20)። ሲያማትብም፦ “በአብ፣ በወልድ፣ በመንፈስ ቅዱስ ስም፣ አንድ አምላክ፣ ፊቴንና ሰውነቴን ሁሉ በመስቀል ምልክት አማትባለሁ” ይበል።","","needs_review","The hand-position description and English formula are from the supplied source; verify accepted Amharic wording.","draft"
"sign-of-cross-en","sign-of-cross","2","instruction","en","The Sign of the Cross","At the beginning and end of prayer, the source directs one to make the sign of the Cross with the pointing finger positioned in relation to the three joined, curved fingers. It is made from the forehead downward and from left to right. At that time one remembers the suffering of Our Lord and Savior Eyesus Christos (Lk. 11:20). The prayer given is: “In the name of the Father, of the Son, and of the Holy Spirit, One God, I cross my face and all my body in the sign of the Cross.”","","needs_review","The hand-position description and English formula are from the supplied source; verify accepted Amharic wording.","draft"
"attention-in-prayer-am","attention-in-prayer","1","instruction","am","በጸሎት ውስጥ ትኩረት","ጸሎትን በትሕትናና በዝምታ፣ ከራስ ጆሮ በስተቀር ሌሎች እንዳይሰሙት ማቅረብ (1 ሳሙ. 1:3)። ሐሳብን ሁሉ በእግዚአብሔር ፊት ማቅረብና ዓለማዊ ሐሳብን መተው። ጸሎትን በማቋረጥ ከማንም ጋር አለመነጋገር።","","draft","","draft"
"attention-in-prayer-en","attention-in-prayer","2","instruction","en","Attention in Prayer","Pray humbly and quietly, so that no one hears except oneself (1 Sam. 1:3). Place all thoughts before God and set aside worldly thoughts. Do not interrupt prayer to speak with anyone.","","draft","","draft"
"litany-am","litany","1","body","am","የምሕላ ጸሎት","ምሕላ ቁጣውን በምሕረት፣ ንዴቱን በትዕግሥት እንዲለውጥ ወደ እግዚአብሔር የምንጸልየው ጸሎት ነው። ድርቅ፣ ቸነፈር፣ ጦርነት ወይም ቅጣት በሚታይበት ጊዜም ይደረጋል (ዘኁ. 16:46–50፤ ዮና. 3:5–10፤ ኢዩ. 2:12–19፤ 1 ነገ. 8:25–55)። ስለዚህ ችግር ሲከሰት ምእመናን በየአጥቢያው ቤተ ክርስቲያን ጠዋትና ማታ በጾምና በጸሎት እግዚአብሔርን እንዲለምኑ ቤተ ክርስቲያን ታስተምራለች።","","draft","","draft"
"litany-en","litany","2","body","en","Prayer of Litany","Litany is a prayer asking God to turn His wrath to mercy and His anger to patience. It is also offered during drought, plague, war, or chastisement (Num. 16:46–50; Jon. 3:5–10; Joel 2:12–19; 1 Kgs. 8:25–55). The source says that when a particular problem arises, the faithful should beseech God with fasting and prayer in every parish church morning and evening.","","draft","","draft"
"prayer-for-the-dead-am","prayer-for-the-dead","1","body","am","ለሙታን ጸሎት","ለሙታን ጸሎት ሙታን ከኃጢአት ባርነት እንዲፈቱ ለእግዚአብሔር የሚቀርብ ጸሎት ነው። ቤተ ክርስቲያን ለሙታን ጸሎት እንዲደረግ ታዛለች። ይህ ጸሎት ለሟቹ የኃጢአት ስርየት፣ ምሕረትና ለነፍሱ ዕረፍት ያስገኛል፤ ለጻድቃንም በጸጋ ላይ ጸጋንና የደስታ ሕይወትን ያመጣል። በጸሎት ሙታንና ሕያዋን ይገናኛሉ። “ሕያዋን ለሙታን፣ ሙታንም ለሕያዋን ይጸልያሉ” (ሄኖክ 12:34)፣ ምክንያቱም ነፍሳቸው ሕያው ናት (ማቴ. 22:31–32፤ ሉቃ. 20:37–39፤ ባሮክ 3:4)። ቅዱሳን ሐዋርያት በቤተ ክርስቲያንና በመቃብር ቦታ ለሙታን ጸሎት እንዲደረግና መባ እንዲቀርብ አዝዘዋል። በጌታችንና መድኃኒታችን ኢየሱስ ክርስቶስ ያረፉ ክርስቲያን ወንድሞቻችሁንና ሰማዕታትን ለማስታወስ በክፋት ያልተበከለ ልብ ይዛችሁ በቤተ ክርስቲያን ተሰብሰቡ፤ ወደ ቤተ ክርስቲያንና ወደ መቃብር ስትወስዷቸው መባ አቅርቡና የዳዊትን መዝሙሮች ጸልዩ (ዲዳስቅልያ አንቀጽ 33)። የፍትሐ ነገሥት መንፈሳዊ ክፍል በዲዳስቅልያ አንቀጽ 22 የተጠቀሰውን ያረጋግጣል። በዚህ መሠረት ቤተ ክርስቲያናችን ከሞት ጊዜ ጀምሮ እስከ ቀብር ድረስ፣ ከቤት እስከ ቤተ ክርስቲያን ለሙታን ትጸልያለች የምስጋና መዝሙርም ታቀርባለች።","","needs_review","Source citations vary between Didasc. Arts. 33 and 22; “Barock” and “Lk. 20:3739” appear as given. Verify citations and theological wording before publication.","draft"
"prayer-for-the-dead-en","prayer-for-the-dead","2","body","en","Prayer for the Dead","Prayer for the dead is offered to God so that the dead may be released from the bondage of sin. The Church orders that it be conducted. The source says it brings forgiveness of sin, mercy, and rest for the departed soul, and grace upon grace and a joyful life for the righteous. Through prayer the living and the dead communicate: “The living pray for the dead and the dead for the living” (Enoch 12:34), because their souls are alive (Mt. 22:31–32; Lk. 20:37–39; Barock 3:4). The Holy Apostles commanded prayer for the dead in church and at burial places, with offerings. For fellow Christians and martyrs who died in Our Lord and Savior Eyesus Christos, the source calls for gathering in church without wickedness, bringing offerings when taking them to church and burial places, and praying the Psalms of David (Didasc. Art. 33). It says the spiritual part of Fetha Negest affirms Didasc. Art. 22. Accordingly, the Church prays and offers a Psalm of praise for the dead from death to burial, from home to church.","","needs_review","Source citations vary between Didasc. Arts. 33 and 22; “Barock” and “Lk. 20:3739” appear as given. Verify citations and theological wording before publication.","draft"
"commemoration-am","commemoration","1","body","am","ለሙታን የመታሰቢያ ቀናት","ለሙታን መታሰቢያ ከሞት ቀን እስከ አንድ ዓመትና ከዚያም በላይ ይደረጋል፦ በሞት ቀን፣ በሦስተኛው ቀን፣ በሰባተኛው ቀን፣ በአሥራ ሁለተኛው ቀን፣ በሠላሳኛው ቀን፣ በአርባኛው ቀን፣ በሰማንያኛው ቀን፣ በስድስተኛው ወር፣ እና ከሞት ቀን በኋላ በአንድ ዓመት። በእነዚህ ቀናት ጸሎት እንዲደረግ፣ ዕጣን እንዲቃጠል፣ መባ እንዲቀርብ፣ መታሰቢያ እንዲከበርና ምጽዋት እንዲሰጥ ቤተ ክርስቲያን ታዛለች (ፍትሐ ነገሥት አንቀጽ 22)።","","needs_review","Verify the commemorative days and cited article with an authorized reviewer.","draft"
"commemoration-en","commemoration","2","body","en","Days of Commemoration","Commemoration for the dead extends from the day of death to a year and beyond: on the day of death; the third, seventh, twelfth, thirtieth, fortieth, and eightieth days; in the sixth month; and one year after the day of death. The source says that on these days prayer is conducted, incense burned, offerings given, commemoration held, and alms offered (Fetha Negest, Art. 22).","","needs_review","Verify the commemorative days and cited article with an authorized reviewer.","draft"
"other-intercessions-am","other-intercessions","1","body","am","ሌሎች የቤተ ክርስቲያን ጸሎቶች","ቤተ ክርስቲያን ለታመሙት፣ ለመንገደኞች፣ ለዝናብ፣ ለምድር ፍሬ፣ ለወንዞች ውኃ፣ ለሙታንና ለሕያዋን፣ ለክርስትና ተማሪዎች፣ ለቤተ ክርስቲያን አንድነት፣ ለአገርና ለዓለም ሰላም፣ ለቤተ ክርስቲያን መሪዎችና ካህናት እንዲሁም ለተቸገሩት፣ ለስደተኞች፣ ለሐዘንተኞች፣ ለታሰሩት፣ ለበደሉት፣ ለእምነት ጽናት፣ እና ለአማኝ ወንዶችና ሴቶች ትጸልያለች።","","draft","","draft"
"other-intercessions-en","other-intercessions","2","body","en","Other Prayers of the Church","The Church also prays for the sick; travelers; rain; the fruit of the earth; the water of rivers; the dead and the living; catechumens; the unity of the Church; peace in the country and the world; Church leaders, clergy, and those in need; immigrants; the sad and sorrowful; prisoners; transgressors; the strengthening of faith; and faithful men and women.","","draft","","draft"
