slug,title,title_amharic,title_transliteration,description,short_card_summary,full_explanation,feast_rank,fixed_or_movable,ethiopian_month_number,ethiopian_day,pascha_offset,movable_anchor,fasting_relationship,image_path,status,confidence,needs_review,source_ids
tsinset-annunciation,Annunciation / Incarnation,ጽንሰት,Tsinset,Commemorates the Annunciation and the mystery of the Word taking flesh.,Commemorates the Annunciation and the mystery of the Word taking flesh.,It marks the beginning of the Incarnation and the fulfillment of God’s saving plan. It connects the faithful to the mystery of Christ’s coming in the flesh and the beginning of salvation history. It marks the beginning of the Incarnation and the fulfillment of God’s saving plan.,major,fixed,7,29,,,feast,,published,high,true,eotc-calendar-json
lidet-gena,Nativity / Christmas,ልደት,Lidet / Gena,Celebrates the birth of Christ in the flesh.,Celebrates the birth of Christ in the flesh.,"It reveals the humility of the Incarnation and the fulfillment of prophecy. It connects believers to Bethlehem, the mystery of the Incarnation, and the joy of Emmanuel. It reveals the humility of the Incarnation and the fulfillment of prophecy.",major,fixed,4,29,,,feast,,published,high,true,eotc-calendar-json
gizret-circumcision,Circumcision,ግዝረት,Gizret,Commemorates the circumcision of Christ according to the law.,Commemorates the circumcision of Christ according to the law.,It shows the Lord’s humility and His fulfillment of the law on behalf of humanity. It connects the faithful to Christ’s obedience and His full entrance into human history. It shows the Lord’s humility and His fulfillment of the law on behalf of humanity.,minor-feast,fixed,5,6,,,feast,,published,high,true,eotc-calendar-json
timket,Epiphany / Baptism of Christ,ጥምቀት,Timket,Celebrates the baptism of Christ and the revelation of the Holy Trinity.,Celebrates the baptism of Christ and the revelation of the Holy Trinity.,"It reveals Christ publicly and sanctifies the waters as signs of renewal and grace. It connects the faithful to baptism, purification, and the public revelation of Christ. It reveals Christ publicly and sanctifies the waters as signs of renewal and grace.",major,fixed,5,11,,,feast,,published,high,true,eotc-calendar-json
kana-ze-galilee,Wedding at Cana,ቃና ዘገሊላ,Kana Ze Galilee,Commemorates Christ’s first public miracle at Cana of Galilee.,Commemorates Christ’s first public miracle at Cana of Galilee.,"It manifests Christ’s glory and shows the beginning of His public signs. It connects believers to divine transformation, joy, and the blessed intercession present at Cana. It manifests Christ’s glory and shows the beginning of His public signs.",minor-feast,fixed,5,12,,,feast,,published,high,true,eotc-calendar-json
megabit-meskel,Megabit Meskel,መጋቢት መስቀል,Megabit Meskel,Commemorates the Holy Cross in the month of Megabit.,Commemorates the Holy Cross in the month of Megabit.,"It keeps the Cross before the faithful as the sign of victory, redemption, and divine mercy. It connects the faithful to the passion of Christ and the life-giving power of the Cross. It keeps the Cross before the faithful as the sign of victory, redemption, and divine mercy.",cross,fixed,7,10,,,feast,,published,high,true,eotc-calendar-json
debre-tabor,Transfiguration,ደብረ ታቦር,Debre Tabor,Celebrates the revelation of Christ’s glory on Mount Tabor.,Celebrates the revelation of Christ’s glory on Mount Tabor.,It strengthens faith in Christ’s divinity and points to the glory beyond the Cross. It connects the faithful to the revelation of Christ’s glory and the hope of transformation. It strengthens faith in Christ’s divinity and points to the glory beyond the Cross.,major,fixed,12,13,,,feast,,published,high,true,eotc-calendar-json
meskel-finding-of-the-true-cross,Finding of the True Cross,መስቀል,Meskel,Commemorates the finding of the True Cross and the victory of Christ through the Cross.,Commemorates the finding of the True Cross and the victory of Christ through the Cross.,"The feast honors the Cross as the sign of salvation, victory, and divine mercy. It connects the faithful to the crucifixion, redemption, and the Church’s proclamation of Christ’s triumph. The feast honors the Cross as the sign of salvation, victory, and divine mercy.",major,fixed,1,17,,,feast,,published,high,true,eotc-calendar-json
kidane-mehret,Covenant of Mercy,ኪዳነ ምሕረት,Kidane Mehret,Commemorates the Covenant of Mercy and the intercession of Saint Mary.,Commemorates the Covenant of Mercy and the intercession of Saint Mary.,"It highlights mercy, repentance, and hope through her intercession. It connects the faithful to divine mercy and the compassion shown through Saint Mary. It highlights mercy, repentance, and hope through her intercession.",major,fixed,6,16,,,feast,,published,high,true,eotc-calendar-json
lideta-maryam,Nativity of Saint Mary,ልደታ ለማርያም,Lideta Maryam,Celebrates the birth of Saint Mary.,Celebrates the birth of Saint Mary.,It honors the one through whom the Incarnation would be made manifest. It connects the faithful to the preparation of salvation history through Saint Mary. It honors the one through whom the Incarnation would be made manifest.,major,fixed,9,1,,,feast,,published,high,true,eotc-calendar-json
baeta-maryam,Presentation of Saint Mary,በዓታ ለማርያም,Ba'eta Mariam,Commemorates the presentation of Saint Mary in the Temple.,Commemorates the presentation of Saint Mary in the Temple.,"It honors her consecration, holiness, and readiness for the divine mystery. It connects the faithful to purity, devotion, and the preparation of the Mother of God. It honors her consecration, holiness, and readiness for the divine mystery.",mary,fixed,4,3,,,feast,,published,high,true,eotc-calendar-json
asterio-maryam,Dormition of Saint Mary,አስተርዮ ማርያም,Asterio Mariam,Commemorates the repose of Saint Mary.,Commemorates the repose of Saint Mary.,"It honors her holy departure and the reverence of the Church toward her life and intercession. It connects the faithful to hope, purity, and Marian devotion in the mystery of repose. It honors her holy departure and the reverence of the Church toward her life and intercession.",mary,fixed,5,21,,,feast,,published,high,true,eotc-calendar-json
filseta-assumption,Assumption / Filseta,ፍልሰታ,Filseta,Celebrates the honored Assumption of Saint Mary.,Celebrates the honored Assumption of Saint Mary.,"It is one of the most beloved Marian observances, marked by joy after fasting and devotion. It connects the faithful to Saint Mary’s honor, intercession, and the hope of glory in God. It is one of the most beloved Marian observances, marked by joy after fasting and devotion.",major,fixed,12,16,,,feast,,published,high,true,eotc-calendar-json
saint-michael-major,Archangel Michael,ቅዱስ ሚካኤል,Kidus Mikael,"Major annual commemoration of Archangel Michael, protector and defender of the faithful.","Major annual commemoration of Archangel Michael, protector and defender of the faithful.","It strengthens trust in God’s protection and the ministry of the holy angels. It connects the faithful to angelic intercession, divine help, and spiritual victory. It strengthens trust in God’s protection and the ministry of the holy angels.",major,fixed,3,12,,,feast,,published,high,true,eotc-calendar-json
saint-gabriel-major,Archangel Gabriel,ቅዱስ ገብርኤል,Kidus Gebriel,"Major annual commemoration of Archangel Gabriel, bearer of glad tidings.","Major annual commemoration of Archangel Gabriel, bearer of glad tidings.","It highlights divine message, obedience, and the nearness of God’s mercy. It connects the faithful to the Annunciation and the joyful proclamation of salvation. It highlights divine message, obedience, and the nearness of God’s mercy.",major,fixed,4,19,,,feast,,published,high,true,eotc-calendar-json
saint-raphael-major,Archangel Raphael,ቅዱስ ሩፋኤል,Kidus Ruphael,"Commemoration of Archangel Raphael, associated with healing and guidance.","Commemoration of Archangel Raphael, associated with healing and guidance.","It emphasizes healing, mercy, and divine care during the journey of life. It connects the faithful to God’s healing and protective guidance. It emphasizes healing, mercy, and divine care during the journey of life.",angel,fixed,13,3,,,feast,,published,high,true,eotc-calendar-json
saint-uriel-major,Archangel Uriel,ቅዱስ ዑራኤል,Kidus Urael,"Commemoration of Archangel Uriel, associated with light, wisdom, and divine service.","Commemoration of Archangel Uriel, associated with light, wisdom, and divine service.","It emphasizes light, wisdom, and God’s active care for the faithful. It connects the faithful to heavenly guidance and the sanctifying work of God. It emphasizes light, wisdom, and God’s active care for the faithful.",angel,fixed,5,22,,,feast,,published,high,true,eotc-calendar-json
