slug,title,title_amharic,kind,calculation_basis,relation_to_fasika,offset_from_nineveh_days,movable_anchor,description,confidence,needs_review,source_ids
nineveh-fast,Fast of Nineveh,ጾመ ነነዌ,fast,bahire-hasab / nineveh-anchored paschal cycle,via-nineveh-or-fasika,0,nineveh-fast,A three-day fast of repentance before Great Lent.,medium,true,eotc-calendar-json|bahre-hasab-wiki|eotc-ma-bahire-hasab|pascha-gregorian-table
abiy-tsom,Great Lent,ዓቢይ ጾም,fast,bahire-hasab / nineveh-anchored paschal cycle,via-nineveh-or-fasika,14,nineveh-fast,"The Great Fast of repentance, prayer, and preparation for the resurrection.",medium,true,eotc-calendar-json|bahre-hasab-wiki|eotc-ma-bahire-hasab|pascha-gregorian-table
debre-zeit,Mount of Olives Sunday,ደብረ ዘይት,minor-feast,bahire-hasab / nineveh-anchored paschal cycle,via-nineveh-or-fasika,41,nineveh-fast,"A Lenten Sunday focused on vigilance, judgment, and readiness.",medium,true,eotc-calendar-json|bahre-hasab-wiki|eotc-ma-bahire-hasab|pascha-gregorian-table
hosanna,Palm Sunday,ሆሣዕና,major-feast,bahire-hasab / nineveh-anchored paschal cycle,via-nineveh-or-fasika,62,nineveh-fast,Commemorates Christ’s triumphant entry into Jerusalem.,medium,true,eotc-calendar-json|bahre-hasab-wiki|eotc-ma-bahire-hasab|pascha-gregorian-table
good-friday,Good Friday,ስቅለት,major-feast,bahire-hasab / nineveh-anchored paschal cycle,via-nineveh-or-fasika,67,nineveh-fast,Commemorates the crucifixion and saving passion of Christ.,medium,true,eotc-calendar-json|bahre-hasab-wiki|eotc-ma-bahire-hasab|pascha-gregorian-table
fasika,Resurrection / Easter,ፋሲካ,major-feast,bahire-hasab / nineveh-anchored paschal cycle,via-nineveh-or-fasika,69,nineveh-fast,Celebrates the resurrection of Christ and His victory over death.,medium,true,eotc-calendar-json|bahre-hasab-wiki|eotc-ma-bahire-hasab|pascha-gregorian-table
rikbe-kahnat,Meeting of Priests,ርክበ ካህናት,minor-feast,bahire-hasab / nineveh-anchored paschal cycle,via-nineveh-or-fasika,93,nineveh-fast,A Paschal-cycle observance after the resurrection period.,medium,true,eotc-calendar-json|bahre-hasab-wiki|eotc-ma-bahire-hasab|pascha-gregorian-table
damawi-tensae,Thomas Sunday / New Sunday,ዳግም ትንሣኤ (ቶማስ),major-feast,bahire-hasab / nineveh-anchored paschal cycle,anchor-or-relative,7,fasika,"The first Sunday after Fasika, commemorating Christ’s appearance to Saint Thomas.",medium,true,eotc-calendar-json|bahre-hasab-wiki|eotc-ma-bahire-hasab|pascha-gregorian-table
ascension,Ascension,ዕርገት,major-feast,bahire-hasab / nineveh-anchored paschal cycle,via-nineveh-or-fasika,108,nineveh-fast,Commemorates Christ’s ascension into heaven.,medium,true,eotc-calendar-json|bahre-hasab-wiki|eotc-ma-bahire-hasab|pascha-gregorian-table
pentecost,Pentecost,ጰራቅሊጦስ,major-feast,bahire-hasab / nineveh-anchored paschal cycle,via-nineveh-or-fasika,118,nineveh-fast,Celebrates the descent of the Holy Spirit upon the Apostles.,medium,true,eotc-calendar-json|bahre-hasab-wiki|eotc-ma-bahire-hasab|pascha-gregorian-table
siklet,Siklet (Good Friday),,feast,bahire-hasab: days after Fast of Nineveh (Monday),offset-from-nineveh,67,nineveh-fast,Compute from Nineveh Monday + 67 days (standard Bahire Hasab table).,high,false,bahre-hasab-wiki|eotc-ma-bahire-hasab
erget,Erget (Ascension),,feast,bahire-hasab: days after Fast of Nineveh (Monday),offset-from-nineveh,108,nineveh-fast,Compute from Nineveh Monday + 108 days (standard Bahire Hasab table).,high,false,bahre-hasab-wiki|eotc-ma-bahire-hasab
