ethiopian_month,ethiopian_day,record_slug,issue,confidence,source_count,needs_review,recommended_action
Meskerem,1,meskerem-01-job-the-righteous-man-washed-in-the-water-of-the-10,scripture_references_from_ocr_need_verification,low,1,true,Verify against Synaxarium / lectionary before public display
Meskerem,1,meskerem-01-the-repose-of-the-holy-apostle-bartholomew-20,scripture_references_from_ocr_need_verification,low,1,true,Verify against Synaxarium / lectionary before public display
Meskerem,1,meskerem-01-the-repose-of-the-holy-father-abba-melyos-archbi-30,scripture_references_from_ocr_need_verification,low,1,true,Verify against Synaxarium / lectionary before public display
Meskerem,1,meskerem-01-the-repose-of-the-righteous-and-excellent-abba-m-40,scripture_references_from_ocr_need_verification,low,1,true,Verify against Synaxarium / lectionary before public display
Meskerem,1,meskerem-01-the-festival-of-raguel-the-angel-one-of-the-nine-50,scripture_references_from_ocr_need_verification,low,1,true,Verify against Synaxarium / lectionary before public display
Tahsas,29,tahsas-29-the-greatest-of-all-festivals-the-honorable-and--10,scripture_references_from_ocr_need_verification,low,1,true,Verify against Synaxarium / lectionary before public display
Tahsas,29,tahsas-29-was-born-joshua-the-j-udge-of-the-house-of-e-phr-20,scripture_references_from_ocr_need_verification,low,1,true,Verify against Synaxarium / lectionary before public display
Tahsas,29,tahsas-29-jacob-and-piles-and-theodore-the-martyrs-30,scripture_references_from_ocr_need_verification,low,1,true,Verify against Synaxarium / lectionary before public display
Tahsas,29,tahsas-29-the-repose-of-akaryos-king-of-roha-40,scripture_references_from_ocr_need_verification,low,1,true,Verify against Synaxarium / lectionary before public display
Tahsas,29,tahsas-29-the-repose-of-kuoril-the-cam-el-man-50,scripture_references_from_ocr_need_verification,low,1,true,Verify against Synaxarium / lectionary before public display
Tahsas,29,tahsas-29-the-menof-akm-imbecam-ema-rtyrs-60,scripture_references_from_ocr_need_verification,low,1,true,Verify against Synaxarium / lectionary before public display
Tahsas,30,tahsas-30-the-greatest-of-all-festivals-the-honorable-and--10,scripture_references_from_ocr_need_verification,low,1,true,Verify against Synaxarium / lectionary before public display
Tahsas,30,tahsas-30-was-born-joshua-the-j-udge-of-the-house-of-e-phr-20,scripture_references_from_ocr_need_verification,low,1,true,Verify against Synaxarium / lectionary before public display
Tahsas,30,tahsas-30-jacob-and-piles-and-theodore-the-martyrs-30,scripture_references_from_ocr_need_verification,low,1,true,Verify against Synaxarium / lectionary before public display
Tahsas,30,tahsas-30-the-repose-of-akaryos-king-of-roha-40,scripture_references_from_ocr_need_verification,low,1,true,Verify against Synaxarium / lectionary before public display
Tahsas,30,tahsas-30-the-repose-of-kuoril-the-cam-el-man-50,scripture_references_from_ocr_need_verification,low,1,true,Verify against Synaxarium / lectionary before public display
Tahsas,30,tahsas-30-the-menof-akm-imbecam-ema-rtyrs-60,scripture_references_from_ocr_need_verification,low,1,true,Verify against Synaxarium / lectionary before public display
Ginbot,2,ginbot-02-the-repose-of-job-the-just-10,scripture_references_from_ocr_need_verification,low,1,true,Verify against Synaxarium / lectionary before public display
Ginbot,2,ginbot-02-the-repose-of-the-holy-father-abba-theodore-the--20,scripture_references_from_ocr_need_verification,low,1,true,Verify against Synaxarium / lectionary before public display
Ginbot,2,ginbot-02-twenty-two-souls-who-were-with-abba-esi-became-m-30,scripture_references_from_ocr_need_verification,low,1,true,Verify against Synaxarium / lectionary before public display
Ginbot,8,ginbot-08-saint-abba-john-of-the-city-of-senhut-became-a-m-10,scripture_references_from_ocr_need_verification,low,1,true,Verify against Synaxarium / lectionary before public display
Ginbot,8,ginbot-08-were-crowned-two-hundred-and-twenty-four-menof-t-20,scripture_references_from_ocr_need_verification,low,1,true,Verify against Synaxarium / lectionary before public display
Ginbot,8,ginbot-08-the-as-cension-of-our-lord-and-god-and-redeemer--30,scripture_references_from_ocr_need_verification,low,1,true,Verify against Synaxarium / lectionary before public display
Ginbot,8,ginbot-08-the-repose-of-the-holy-father-abba-daniel-abbot--40,scripture_references_from_ocr_need_verification,low,1,true,Verify against Synaxarium / lectionary before public display
Ginbot,8,ginbot-08-saint-maximus-the-fighter-became-a-martyr-50,scripture_references_from_ocr_need_verification,low,1,true,Verify against Synaxarium / lectionary before public display
Ginbot,18,ginbot-18-the-holy-spirit-descended-upon-the-apostles-ten--10,scripture_references_from_ocr_need_verification,low,1,true,Verify against Synaxarium / lectionary before public display
Ginbot,18,ginbot-18-the-repose-of-the-holy-father-abba-ga-argi-the-c-20,scripture_references_from_ocr_need_verification,low,1,true,Verify against Synaxarium / lectionary before public display
Ginbot,18,ginbot-18-sinoda-the-martyr-30,scripture_references_from_ocr_need_verification,low,1,true,Verify against Synaxarium / lectionary before public display
Ginbot,24,ginbot-24-our-lord-jesus-christ-cam-eto-the-land-of-egypt--10,scripture_references_from_ocr_need_verification,low,1,true,Verify against Synaxarium / lectionary before public display
Ginbot,24,ginbot-24-and-we-should-sing-on-it-the-words-of-david-the--20,scripture_references_from_ocr_need_verification,low,1,true,Verify against Synaxarium / lectionary before public display
Ginbot,24,ginbot-24-the-repose-of-habakkuk-the-prophet-one-of-the-tw-30,scripture_references_from_ocr_need_verification,low,1,true,Verify against Synaxarium / lectionary before public display
Ginbot,24,ginbot-24-the-blessed-and-chosen-fighter-abba-abkuelta-bec-40,scripture_references_from_ocr_need_verification,low,1,true,Verify against Synaxarium / lectionary before public display
Ginbot,24,ginbot-24-took-place-the-death-of-eleazar-the-priest-the-s-50,scripture_references_from_ocr_need_verification,low,1,true,Verify against Synaxarium / lectionary before public display
Ginbot,25,ginbot-25-the-repose-of-saint-salom-e-the-sis-of-our-holy--10,scripture_references_from_ocr_need_verification,low,1,true,Verify against Synaxarium / lectionary before public display
Ginbot,25,ginbot-25-saint-cotylus-a-physician-from-the-city-of-antin-20,scripture_references_from_ocr_need_verification,low,1,true,Verify against Synaxarium / lectionary before public display
Ginbot,25,ginbot-25-saint-abba-heroda-became-a-martyr-30,scripture_references_from_ocr_need_verification,low,1,true,Verify against Synaxarium / lectionary before public display
Ginbot,25,ginbot-25-saint-balanus-and-alontran-and-rom-a-nus-and-two-40,scripture_references_from_ocr_need_verification,low,1,true,Verify against Synaxarium / lectionary before public display
Ginbot,25,ginbot-25-our-lord-planted-pieces-from-joseph-srod-in-the--50,scripture_references_from_ocr_need_verification,low,1,true,Verify against Synaxarium / lectionary before public display
Sene,23,sene-23-the-repose-of-solom-on-the-king-the-son-of-david-10,scripture_references_from_ocr_need_verification,low,1,true,Verify against Synaxarium / lectionary before public display
Sene,23,sene-23-the-repose-of-the-holy-father-abba-nob-the-confe-20,scripture_references_from_ocr_need_verification,low,1,true,Verify against Synaxarium / lectionary before public display
Sene,23,sene-23-the-commemoration-of-markora-and-thom-as-and-phi-30,scripture_references_from_ocr_need_verification,low,1,true,Verify against Synaxarium / lectionary before public display
Hamle,8,hamle-08-the-repose-of-the-holy-father-abba-besoy-possess-10,scripture_references_from_ocr_need_verification,low,1,true,Verify against Synaxarium / lectionary before public display
Hamle,8,hamle-08-aberokh-and-atom-his-br-other-becam-eholy-martyr-20,scripture_references_from_ocr_need_verification,low,1,true,Verify against Synaxarium / lectionary before public display
Hamle,8,hamle-08-saint-abba-belane-of-the-city-of-bari-which-was--30,scripture_references_from_ocr_need_verification,low,1,true,Verify against Synaxarium / lectionary before public display
Hamle,8,hamle-08-the-repose-of-abba-mesael-whom-abba-kiros-the-be-40,scripture_references_from_ocr_need_verification,low,1,true,Verify against Synaxarium / lectionary before public display
Hamle,8,hamle-08-became-martyrs-the-com-p-a-ny-of-esdros-and-pete-50,scripture_references_from_ocr_need_verification,low,1,true,Verify against Synaxarium / lectionary before public display
Hamle,8,hamle-08-abba-bim-a-for-the-city-of-behensa-in-upper-egyp-60,scripture_references_from_ocr_need_verification,low,1,true,Verify against Synaxarium / lectionary before public display
Pagumen,5,pagumen-05-the-repose-of-the-pure-and-holy-virgin-abba-jaco-10,scripture_references_from_ocr_need_verification,low,1,true,Verify against Synaxarium / lectionary before public display
Pagumen,5,pagumen-05-the-repose-of-the-great-prophet-am-os-the-father-20,scripture_references_from_ocr_need_verification,low,1,true,Verify against Synaxarium / lectionary before public display
Pagumen,5,pagumen-05-the-repose-of-the-holy-and-blesse-d-and-chaste-a-30,scripture_references_from_ocr_need_verification,low,1,true,Verify against Synaxarium / lectionary before public display
Pagumen,5,pagumen-05-the-repose-of-abba-magder-40,scripture_references_from_ocr_need_verification,low,1,true,Verify against Synaxarium / lectionary before public display
Meskerem,1,meskerem-01,missing_amharic_date_label,medium,1,true,Add verified Amharic month/day label
Meskerem,2,meskerem-02,missing_amharic_date_label,medium,1,true,Add verified Amharic month/day label
Meskerem,3,meskerem-03,missing_amharic_date_label,medium,1,true,Add verified Amharic month/day label
Meskerem,4,meskerem-04,missing_amharic_date_label,medium,1,true,Add verified Amharic month/day label
Meskerem,5,meskerem-05,missing_amharic_date_label,medium,1,true,Add verified Amharic month/day label
Meskerem,6,meskerem-06,missing_amharic_date_label,medium,1,true,Add verified Amharic month/day label
Meskerem,7,meskerem-07,missing_amharic_date_label,medium,1,true,Add verified Amharic month/day label
Meskerem,8,meskerem-08,missing_amharic_date_label,medium,1,true,Add verified Amharic month/day label
Meskerem,9,meskerem-09,missing_amharic_date_label,medium,1,true,Add verified Amharic month/day label
Meskerem,10,meskerem-10,missing_amharic_date_label,medium,1,true,Add verified Amharic month/day label
Meskerem,11,meskerem-11,missing_amharic_date_label,medium,1,true,Add verified Amharic month/day label
Meskerem,12,meskerem-12,missing_amharic_date_label,medium,1,true,Add verified Amharic month/day label
Meskerem,13,meskerem-13,missing_amharic_date_label,medium,1,true,Add verified Amharic month/day label
Meskerem,14,meskerem-14,missing_amharic_date_label,medium,1,true,Add verified Amharic month/day label
Meskerem,15,meskerem-15,missing_amharic_date_label,medium,1,true,Add verified Amharic month/day label
Meskerem,16,meskerem-16,missing_amharic_date_label,medium,1,true,Add verified Amharic month/day label
Meskerem,17,meskerem-17,missing_amharic_date_label,medium,1,true,Add verified Amharic month/day label
Meskerem,18,meskerem-18,missing_amharic_date_label,medium,1,true,Add verified Amharic month/day label
Meskerem,19,meskerem-19,missing_amharic_date_label,medium,1,true,Add verified Amharic month/day label
Meskerem,20,meskerem-20,missing_amharic_date_label,medium,1,true,Add verified Amharic month/day label
Meskerem,21,meskerem-21,missing_amharic_date_label,medium,1,true,Add verified Amharic month/day label
Meskerem,22,meskerem-22,missing_amharic_date_label,medium,1,true,Add verified Amharic month/day label
Meskerem,23,meskerem-23,missing_amharic_date_label,medium,1,true,Add verified Amharic month/day label
Meskerem,24,meskerem-24,missing_amharic_date_label,medium,1,true,Add verified Amharic month/day label
Meskerem,25,meskerem-25,missing_amharic_date_label,medium,1,true,Add verified Amharic month/day label
Meskerem,26,meskerem-26,missing_amharic_date_label,medium,1,true,Add verified Amharic month/day label
Meskerem,27,meskerem-27,missing_amharic_date_label,medium,1,true,Add verified Amharic month/day label
Meskerem,28,meskerem-28,missing_amharic_date_label,medium,1,true,Add verified Amharic month/day label
Meskerem,29,meskerem-29,missing_amharic_date_label,medium,1,true,Add verified Amharic month/day label
Meskerem,30,meskerem-30,missing_amharic_date_label,medium,1,true,Add verified Amharic month/day label
Tikimt,1,tikimt-01,missing_amharic_date_label,medium,1,true,Add verified Amharic month/day label
Tikimt,2,tikimt-02,missing_amharic_date_label,medium,1,true,Add verified Amharic month/day label
Tikimt,3,tikimt-03,missing_amharic_date_label,medium,1,true,Add verified Amharic month/day label
Tikimt,4,tikimt-04,missing_amharic_date_label,medium,1,true,Add verified Amharic month/day label
Tikimt,5,tikimt-05,missing_amharic_date_label,medium,1,true,Add verified Amharic month/day label
Tikimt,6,tikimt-06,missing_amharic_date_label,medium,1,true,Add verified Amharic month/day label
Tikimt,7,tikimt-07,missing_amharic_date_label,medium,1,true,Add verified Amharic month/day label
Tikimt,8,tikimt-08,missing_amharic_date_label,medium,1,true,Add verified Amharic month/day label
Tikimt,9,tikimt-09,missing_amharic_date_label,medium,1,true,Add verified Amharic month/day label
Tikimt,10,tikimt-10,missing_amharic_date_label,medium,1,true,Add verified Amharic month/day label
Tikimt,11,tikimt-11,missing_amharic_date_label,medium,1,true,Add verified Amharic month/day label
Tikimt,12,tikimt-12,missing_amharic_date_label,medium,1,true,Add verified Amharic month/day label
Tikimt,13,tikimt-13,missing_amharic_date_label,medium,1,true,Add verified Amharic month/day label
Tikimt,14,tikimt-14,missing_amharic_date_label,medium,1,true,Add verified Amharic month/day label
Tikimt,15,tikimt-15,missing_amharic_date_label,medium,1,true,Add verified Amharic month/day label
Tikimt,16,tikimt-16,missing_amharic_date_label,medium,1,true,Add verified Amharic month/day label
Tikimt,17,tikimt-17,missing_amharic_date_label,medium,1,true,Add verified Amharic month/day label
Tikimt,18,tikimt-18,missing_amharic_date_label,medium,1,true,Add verified Amharic month/day label
Tikimt,19,tikimt-19,missing_amharic_date_label,medium,1,true,Add verified Amharic month/day label
Tikimt,20,tikimt-20,missing_amharic_date_label,medium,1,true,Add verified Amharic month/day label
Tikimt,21,tikimt-21,missing_amharic_date_label,medium,1,true,Add verified Amharic month/day label
Tikimt,22,tikimt-22,missing_amharic_date_label,medium,1,true,Add verified Amharic month/day label
Tikimt,23,tikimt-23,missing_amharic_date_label,medium,1,true,Add verified Amharic month/day label
Tikimt,24,tikimt-24,missing_amharic_date_label,medium,1,true,Add verified Amharic month/day label
Tikimt,25,tikimt-25,missing_amharic_date_label,medium,1,true,Add verified Amharic month/day label
Tikimt,26,tikimt-26,missing_amharic_date_label,medium,1,true,Add verified Amharic month/day label
Tikimt,27,tikimt-27,missing_amharic_date_label,medium,1,true,Add verified Amharic month/day label
Tikimt,28,tikimt-28,missing_amharic_date_label,medium,1,true,Add verified Amharic month/day label
Tikimt,29,tikimt-29,missing_amharic_date_label,medium,1,true,Add verified Amharic month/day label
Tikimt,30,tikimt-30,missing_amharic_date_label,medium,1,true,Add verified Amharic month/day label
Hidar,1,hidar-01,missing_amharic_date_label,medium,1,true,Add verified Amharic month/day label
Hidar,2,hidar-02,missing_amharic_date_label,medium,1,true,Add verified Amharic month/day label
Hidar,3,hidar-03,missing_amharic_date_label,medium,1,true,Add verified Amharic month/day label
Hidar,4,hidar-04,missing_amharic_date_label,medium,1,true,Add verified Amharic month/day label
Hidar,5,hidar-05,missing_amharic_date_label,medium,1,true,Add verified Amharic month/day label
Hidar,6,hidar-06,missing_amharic_date_label,medium,1,true,Add verified Amharic month/day label
Hidar,7,hidar-07,missing_amharic_date_label,medium,1,true,Add verified Amharic month/day label
Hidar,8,hidar-08,missing_amharic_date_label,medium,1,true,Add verified Amharic month/day label
Hidar,9,hidar-09,missing_amharic_date_label,medium,1,true,Add verified Amharic month/day label
Hidar,10,hidar-10,missing_amharic_date_label,medium,1,true,Add verified Amharic month/day label
Hidar,11,hidar-11,missing_amharic_date_label,medium,1,true,Add verified Amharic month/day label
Hidar,12,hidar-12,missing_amharic_date_label,medium,1,true,Add verified Amharic month/day label
Hidar,13,hidar-13,missing_amharic_date_label,medium,1,true,Add verified Amharic month/day label
Hidar,14,hidar-14,missing_amharic_date_label,medium,1,true,Add verified Amharic month/day label
Hidar,15,hidar-15,missing_amharic_date_label,medium,1,true,Add verified Amharic month/day label
Hidar,16,hidar-16,missing_amharic_date_label,medium,1,true,Add verified Amharic month/day label
Hidar,17,hidar-17,missing_amharic_date_label,medium,1,true,Add verified Amharic month/day label
Hidar,18,hidar-18,missing_amharic_date_label,medium,1,true,Add verified Amharic month/day label
Hidar,19,hidar-19,missing_amharic_date_label,medium,1,true,Add verified Amharic month/day label
Hidar,20,hidar-20,missing_amharic_date_label,medium,1,true,Add verified Amharic month/day label
Hidar,21,hidar-21,missing_amharic_date_label,medium,1,true,Add verified Amharic month/day label
Hidar,22,hidar-22,missing_amharic_date_label,medium,1,true,Add verified Amharic month/day label
Hidar,23,hidar-23,missing_amharic_date_label,medium,1,true,Add verified Amharic month/day label
Hidar,24,hidar-24,missing_amharic_date_label,medium,1,true,Add verified Amharic month/day label
Hidar,25,hidar-25,missing_amharic_date_label,medium,1,true,Add verified Amharic month/day label
Hidar,26,hidar-26,missing_amharic_date_label,medium,1,true,Add verified Amharic month/day label
Hidar,27,hidar-27,missing_amharic_date_label,medium,1,true,Add verified Amharic month/day label
Hidar,28,hidar-28,missing_amharic_date_label,medium,1,true,Add verified Amharic month/day label
Hidar,29,hidar-29,missing_amharic_date_label,medium,1,true,Add verified Amharic month/day label
Hidar,30,hidar-30,missing_amharic_date_label,medium,1,true,Add verified Amharic month/day label
Tahsas,1,tahsas-01,missing_amharic_date_label,medium,1,true,Add verified Amharic month/day label
Tahsas,2,tahsas-02,missing_amharic_date_label,medium,1,true,Add verified Amharic month/day label
Tahsas,3,tahsas-03,missing_amharic_date_label,medium,1,true,Add verified Amharic month/day label
Tahsas,4,tahsas-04,missing_amharic_date_label,medium,1,true,Add verified Amharic month/day label
Tahsas,5,tahsas-05,missing_amharic_date_label,medium,1,true,Add verified Amharic month/day label
Tahsas,6,tahsas-06,missing_amharic_date_label,medium,1,true,Add verified Amharic month/day label
Tahsas,7,tahsas-07,missing_amharic_date_label,medium,1,true,Add verified Amharic month/day label
Tahsas,8,tahsas-08,missing_amharic_date_label,medium,1,true,Add verified Amharic month/day label
Tahsas,9,tahsas-09,missing_amharic_date_label,medium,1,true,Add verified Amharic month/day label
Tahsas,10,tahsas-10,missing_amharic_date_label,medium,1,true,Add verified Amharic month/day label
Tahsas,11,tahsas-11,missing_amharic_date_label,medium,1,true,Add verified Amharic month/day label
Tahsas,12,tahsas-12,missing_amharic_date_label,medium,1,true,Add verified Amharic month/day label
Tahsas,13,tahsas-13,missing_amharic_date_label,medium,1,true,Add verified Amharic month/day label
Tahsas,14,tahsas-14,missing_amharic_date_label,medium,1,true,Add verified Amharic month/day label
Tahsas,15,tahsas-15,missing_amharic_date_label,medium,1,true,Add verified Amharic month/day label
Tahsas,16,tahsas-16,missing_amharic_date_label,medium,1,true,Add verified Amharic month/day label
Tahsas,17,tahsas-17,missing_amharic_date_label,medium,1,true,Add verified Amharic month/day label
Tahsas,18,tahsas-18,missing_amharic_date_label,medium,1,true,Add verified Amharic month/day label
Tahsas,19,tahsas-19,missing_amharic_date_label,medium,1,true,Add verified Amharic month/day label
Tahsas,20,tahsas-20,missing_amharic_date_label,medium,1,true,Add verified Amharic month/day label
Tahsas,21,tahsas-21,missing_amharic_date_label,medium,1,true,Add verified Amharic month/day label
Tahsas,22,tahsas-22,missing_amharic_date_label,medium,1,true,Add verified Amharic month/day label
Tahsas,23,tahsas-23,missing_amharic_date_label,medium,1,true,Add verified Amharic month/day label
Tahsas,24,tahsas-24,missing_amharic_date_label,medium,1,true,Add verified Amharic month/day label
Tahsas,25,tahsas-25,missing_amharic_date_label,medium,1,true,Add verified Amharic month/day label
Tahsas,26,tahsas-26,missing_amharic_date_label,medium,1,true,Add verified Amharic month/day label
Tahsas,27,tahsas-27,missing_amharic_date_label,medium,1,true,Add verified Amharic month/day label
Tahsas,28,tahsas-28,missing_amharic_date_label,medium,1,true,Add verified Amharic month/day label
Tahsas,29,tahsas-29,missing_amharic_date_label,medium,1,true,Add verified Amharic month/day label
Tahsas,30,tahsas-30,missing_amharic_date_label,medium,1,true,Add verified Amharic month/day label
Tir,1,tir-01,missing_amharic_date_label,medium,1,true,Add verified Amharic month/day label
Tir,2,tir-02,missing_amharic_date_label,medium,1,true,Add verified Amharic month/day label
Tir,3,tir-03,missing_amharic_date_label,medium,1,true,Add verified Amharic month/day label
Tir,4,tir-04,missing_amharic_date_label,medium,1,true,Add verified Amharic month/day label
Tir,5,tir-05,missing_amharic_date_label,medium,1,true,Add verified Amharic month/day label
Tir,6,tir-06,missing_amharic_date_label,medium,1,true,Add verified Amharic month/day label
Tir,7,tir-07,missing_amharic_date_label,medium,1,true,Add verified Amharic month/day label
Tir,8,tir-08,missing_amharic_date_label,medium,1,true,Add verified Amharic month/day label
Tir,9,tir-09,missing_amharic_date_label,medium,1,true,Add verified Amharic month/day label
Tir,10,tir-10,missing_amharic_date_label,medium,1,true,Add verified Amharic month/day label
Tir,11,tir-11,missing_amharic_date_label,medium,1,true,Add verified Amharic month/day label
Tir,12,tir-12,missing_amharic_date_label,medium,1,true,Add verified Amharic month/day label
Tir,13,tir-13,missing_amharic_date_label,medium,1,true,Add verified Amharic month/day label
Tir,14,tir-14,missing_amharic_date_label,medium,1,true,Add verified Amharic month/day label
Tir,15,tir-15,missing_amharic_date_label,medium,1,true,Add verified Amharic month/day label
Tir,16,tir-16,missing_amharic_date_label,medium,1,true,Add verified Amharic month/day label
Tir,17,tir-17,missing_amharic_date_label,medium,1,true,Add verified Amharic month/day label
Tir,18,tir-18,missing_amharic_date_label,medium,1,true,Add verified Amharic month/day label
Tir,19,tir-19,missing_amharic_date_label,medium,1,true,Add verified Amharic month/day label
Tir,20,tir-20,missing_amharic_date_label,medium,1,true,Add verified Amharic month/day label
Tir,21,tir-21,missing_amharic_date_label,medium,1,true,Add verified Amharic month/day label
Tir,22,tir-22,missing_amharic_date_label,medium,1,true,Add verified Amharic month/day label
Tir,23,tir-23,missing_amharic_date_label,medium,1,true,Add verified Amharic month/day label
Tir,24,tir-24,missing_amharic_date_label,medium,1,true,Add verified Amharic month/day label
Tir,25,tir-25,missing_amharic_date_label,medium,1,true,Add verified Amharic month/day label
Tir,26,tir-26,missing_amharic_date_label,medium,1,true,Add verified Amharic month/day label
Tir,27,tir-27,missing_amharic_date_label,medium,1,true,Add verified Amharic month/day label
Tir,28,tir-28,missing_amharic_date_label,medium,1,true,Add verified Amharic month/day label
Tir,29,tir-29,missing_amharic_date_label,medium,1,true,Add verified Amharic month/day label
Tir,30,tir-30,missing_amharic_date_label,medium,1,true,Add verified Amharic month/day label
Yekatit,1,yekatit-01,missing_amharic_date_label,medium,1,true,Add verified Amharic month/day label
Yekatit,2,yekatit-02,missing_amharic_date_label,medium,1,true,Add verified Amharic month/day label
Yekatit,3,yekatit-03,missing_amharic_date_label,medium,1,true,Add verified Amharic month/day label
Yekatit,4,yekatit-04,missing_amharic_date_label,medium,1,true,Add verified Amharic month/day label
Yekatit,5,yekatit-05,missing_amharic_date_label,medium,1,true,Add verified Amharic month/day label
Yekatit,6,yekatit-06,missing_amharic_date_label,medium,1,true,Add verified Amharic month/day label
Yekatit,7,yekatit-07,missing_amharic_date_label,medium,1,true,Add verified Amharic month/day label
Yekatit,8,yekatit-08,missing_amharic_date_label,medium,1,true,Add verified Amharic month/day label
Yekatit,9,yekatit-09,missing_amharic_date_label,medium,1,true,Add verified Amharic month/day label
Yekatit,10,yekatit-10,missing_amharic_date_label,medium,1,true,Add verified Amharic month/day label
Yekatit,11,yekatit-11,missing_amharic_date_label,medium,1,true,Add verified Amharic month/day label
Yekatit,12,yekatit-12,missing_amharic_date_label,medium,1,true,Add verified Amharic month/day label
Yekatit,13,yekatit-13,missing_amharic_date_label,medium,1,true,Add verified Amharic month/day label
Yekatit,14,yekatit-14,missing_amharic_date_label,medium,1,true,Add verified Amharic month/day label
Yekatit,15,yekatit-15,missing_amharic_date_label,medium,1,true,Add verified Amharic month/day label
Yekatit,16,yekatit-16,missing_amharic_date_label,medium,1,true,Add verified Amharic month/day label
Yekatit,17,yekatit-17,missing_amharic_date_label,medium,1,true,Add verified Amharic month/day label
Yekatit,18,yekatit-18,missing_amharic_date_label,medium,1,true,Add verified Amharic month/day label
Yekatit,19,yekatit-19,missing_amharic_date_label,medium,1,true,Add verified Amharic month/day label
Yekatit,20,yekatit-20,missing_amharic_date_label,medium,1,true,Add verified Amharic month/day label
Yekatit,21,yekatit-21,missing_amharic_date_label,medium,1,true,Add verified Amharic month/day label
Yekatit,22,yekatit-22,missing_amharic_date_label,medium,1,true,Add verified Amharic month/day label
Yekatit,23,yekatit-23,missing_amharic_date_label,medium,1,true,Add verified Amharic month/day label
Yekatit,24,yekatit-24,missing_amharic_date_label,medium,1,true,Add verified Amharic month/day label
Yekatit,25,yekatit-25,missing_amharic_date_label,medium,1,true,Add verified Amharic month/day label
Yekatit,26,yekatit-26,missing_amharic_date_label,medium,1,true,Add verified Amharic month/day label
Yekatit,27,yekatit-27,missing_amharic_date_label,medium,1,true,Add verified Amharic month/day label
Yekatit,28,yekatit-28,missing_amharic_date_label,medium,1,true,Add verified Amharic month/day label
Yekatit,29,yekatit-29,missing_amharic_date_label,medium,1,true,Add verified Amharic month/day label
Yekatit,30,yekatit-30,missing_amharic_date_label,medium,1,true,Add verified Amharic month/day label
Megabit,1,megabit-01,missing_amharic_date_label,medium,1,true,Add verified Amharic month/day label
Megabit,2,megabit-02,missing_amharic_date_label,medium,1,true,Add verified Amharic month/day label
Megabit,3,megabit-03,missing_amharic_date_label,medium,1,true,Add verified Amharic month/day label
Megabit,4,megabit-04,missing_amharic_date_label,medium,1,true,Add verified Amharic month/day label
Megabit,5,megabit-05,missing_amharic_date_label,medium,1,true,Add verified Amharic month/day label
Megabit,6,megabit-06,missing_amharic_date_label,medium,1,true,Add verified Amharic month/day label
Megabit,7,megabit-07,missing_amharic_date_label,medium,1,true,Add verified Amharic month/day label
Megabit,8,megabit-08,missing_amharic_date_label,medium,1,true,Add verified Amharic month/day label
Megabit,9,megabit-09,missing_amharic_date_label,medium,1,true,Add verified Amharic month/day label
Megabit,10,megabit-10,missing_amharic_date_label,medium,1,true,Add verified Amharic month/day label
Megabit,11,megabit-11,missing_amharic_date_label,medium,1,true,Add verified Amharic month/day label
Megabit,12,megabit-12,missing_amharic_date_label,medium,1,true,Add verified Amharic month/day label
Megabit,13,megabit-13,missing_amharic_date_label,medium,1,true,Add verified Amharic month/day label
Megabit,14,megabit-14,missing_amharic_date_label,medium,1,true,Add verified Amharic month/day label
Megabit,15,megabit-15,missing_amharic_date_label,medium,1,true,Add verified Amharic month/day label
Megabit,16,megabit-16,missing_amharic_date_label,medium,1,true,Add verified Amharic month/day label
Megabit,17,megabit-17,missing_amharic_date_label,medium,1,true,Add verified Amharic month/day label
Megabit,18,megabit-18,missing_amharic_date_label,medium,1,true,Add verified Amharic month/day label
Megabit,19,megabit-19,missing_amharic_date_label,medium,1,true,Add verified Amharic month/day label
Megabit,20,megabit-20,missing_amharic_date_label,medium,1,true,Add verified Amharic month/day label
Megabit,21,megabit-21,missing_amharic_date_label,medium,1,true,Add verified Amharic month/day label
Megabit,22,megabit-22,missing_amharic_date_label,medium,1,true,Add verified Amharic month/day label
Megabit,23,megabit-23,missing_amharic_date_label,medium,1,true,Add verified Amharic month/day label
Megabit,24,megabit-24,missing_amharic_date_label,medium,1,true,Add verified Amharic month/day label
Megabit,25,megabit-25,missing_amharic_date_label,medium,1,true,Add verified Amharic month/day label
Megabit,26,megabit-26,missing_amharic_date_label,medium,1,true,Add verified Amharic month/day label
Megabit,27,megabit-27,missing_amharic_date_label,medium,1,true,Add verified Amharic month/day label
Megabit,28,megabit-28,missing_amharic_date_label,medium,1,true,Add verified Amharic month/day label
Megabit,29,megabit-29,missing_amharic_date_label,medium,1,true,Add verified Amharic month/day label
Megabit,30,megabit-30,missing_amharic_date_label,medium,1,true,Add verified Amharic month/day label
Miazia,1,miazia-01,missing_amharic_date_label,medium,1,true,Add verified Amharic month/day label
Miazia,2,miazia-02,missing_amharic_date_label,medium,1,true,Add verified Amharic month/day label
Miazia,3,miazia-03,missing_amharic_date_label,medium,1,true,Add verified Amharic month/day label
Miazia,4,miazia-04,missing_amharic_date_label,medium,1,true,Add verified Amharic month/day label
Miazia,5,miazia-05,missing_amharic_date_label,medium,1,true,Add verified Amharic month/day label
Miazia,6,miazia-06,missing_amharic_date_label,medium,1,true,Add verified Amharic month/day label
Miazia,7,miazia-07,missing_amharic_date_label,medium,1,true,Add verified Amharic month/day label
Miazia,8,miazia-08,missing_amharic_date_label,medium,1,true,Add verified Amharic month/day label
Miazia,9,miazia-09,missing_amharic_date_label,medium,1,true,Add verified Amharic month/day label
Miazia,10,miazia-10,missing_amharic_date_label,medium,1,true,Add verified Amharic month/day label
Miazia,11,miazia-11,missing_amharic_date_label,medium,1,true,Add verified Amharic month/day label
Miazia,12,miazia-12,missing_amharic_date_label,medium,1,true,Add verified Amharic month/day label
Miazia,13,miazia-13,missing_amharic_date_label,medium,1,true,Add verified Amharic month/day label
Miazia,14,miazia-14,missing_amharic_date_label,medium,1,true,Add verified Amharic month/day label
Miazia,15,miazia-15,missing_amharic_date_label,medium,1,true,Add verified Amharic month/day label
Miazia,16,miazia-16,missing_amharic_date_label,medium,1,true,Add verified Amharic month/day label
Miazia,17,miazia-17,missing_amharic_date_label,medium,1,true,Add verified Amharic month/day label
Miazia,18,miazia-18,missing_amharic_date_label,medium,1,true,Add verified Amharic month/day label
Miazia,19,miazia-19,missing_amharic_date_label,medium,1,true,Add verified Amharic month/day label
Miazia,20,miazia-20,missing_amharic_date_label,medium,1,true,Add verified Amharic month/day label
Miazia,21,miazia-21,missing_amharic_date_label,medium,1,true,Add verified Amharic month/day label
Miazia,22,miazia-22,missing_amharic_date_label,medium,1,true,Add verified Amharic month/day label
Miazia,23,miazia-23,missing_amharic_date_label,medium,1,true,Add verified Amharic month/day label
Miazia,24,miazia-24,missing_amharic_date_label,medium,1,true,Add verified Amharic month/day label
Miazia,25,miazia-25,missing_amharic_date_label,medium,1,true,Add verified Amharic month/day label
Miazia,26,miazia-26,missing_amharic_date_label,medium,1,true,Add verified Amharic month/day label
Miazia,27,miazia-27,missing_amharic_date_label,medium,1,true,Add verified Amharic month/day label
Miazia,28,miazia-28,missing_amharic_date_label,medium,1,true,Add verified Amharic month/day label
Miazia,29,miazia-29,missing_amharic_date_label,medium,1,true,Add verified Amharic month/day label
Miazia,30,miazia-30,missing_amharic_date_label,medium,1,true,Add verified Amharic month/day label
Ginbot,1,ginbot-01,missing_amharic_date_label,medium,1,true,Add verified Amharic month/day label
Ginbot,2,ginbot-02,missing_amharic_date_label,medium,1,true,Add verified Amharic month/day label
Ginbot,3,ginbot-03,missing_amharic_date_label,medium,1,true,Add verified Amharic month/day label
Ginbot,4,ginbot-04,missing_amharic_date_label,medium,1,true,Add verified Amharic month/day label
Ginbot,5,ginbot-05,missing_amharic_date_label,medium,1,true,Add verified Amharic month/day label
Ginbot,6,ginbot-06,missing_amharic_date_label,medium,1,true,Add verified Amharic month/day label
Ginbot,7,ginbot-07,missing_amharic_date_label,medium,1,true,Add verified Amharic month/day label
Ginbot,8,ginbot-08,missing_amharic_date_label,medium,1,true,Add verified Amharic month/day label
Ginbot,9,ginbot-09,missing_amharic_date_label,medium,1,true,Add verified Amharic month/day label
Ginbot,10,ginbot-10,missing_amharic_date_label,medium,1,true,Add verified Amharic month/day label
Ginbot,11,ginbot-11,missing_amharic_date_label,medium,1,true,Add verified Amharic month/day label
Ginbot,12,ginbot-12,missing_amharic_date_label,medium,1,true,Add verified Amharic month/day label
Ginbot,13,ginbot-13,missing_amharic_date_label,medium,1,true,Add verified Amharic month/day label
Ginbot,14,ginbot-14,missing_amharic_date_label,medium,1,true,Add verified Amharic month/day label
Ginbot,15,ginbot-15,missing_amharic_date_label,medium,1,true,Add verified Amharic month/day label
Ginbot,16,ginbot-16,missing_amharic_date_label,medium,1,true,Add verified Amharic month/day label
Ginbot,17,ginbot-17,missing_amharic_date_label,medium,1,true,Add verified Amharic month/day label
Ginbot,18,ginbot-18,missing_amharic_date_label,medium,1,true,Add verified Amharic month/day label
Ginbot,19,ginbot-19,missing_amharic_date_label,medium,1,true,Add verified Amharic month/day label
Ginbot,20,ginbot-20,missing_amharic_date_label,medium,1,true,Add verified Amharic month/day label
Ginbot,21,ginbot-21,missing_amharic_date_label,medium,1,true,Add verified Amharic month/day label
Ginbot,22,ginbot-22,missing_amharic_date_label,medium,1,true,Add verified Amharic month/day label
Ginbot,23,ginbot-23,missing_amharic_date_label,medium,1,true,Add verified Amharic month/day label
Ginbot,24,ginbot-24,missing_amharic_date_label,medium,1,true,Add verified Amharic month/day label
Ginbot,25,ginbot-25,missing_amharic_date_label,medium,1,true,Add verified Amharic month/day label
Ginbot,26,ginbot-26,missing_amharic_date_label,medium,1,true,Add verified Amharic month/day label
Ginbot,27,ginbot-27,missing_amharic_date_label,medium,1,true,Add verified Amharic month/day label
Ginbot,28,ginbot-28,missing_amharic_date_label,medium,1,true,Add verified Amharic month/day label
Ginbot,29,ginbot-29,missing_amharic_date_label,medium,1,true,Add verified Amharic month/day label
Ginbot,30,ginbot-30,missing_amharic_date_label,medium,1,true,Add verified Amharic month/day label
Sene,1,sene-01,missing_amharic_date_label,medium,1,true,Add verified Amharic month/day label
Sene,2,sene-02,missing_amharic_date_label,medium,1,true,Add verified Amharic month/day label
Sene,3,sene-03,missing_amharic_date_label,medium,1,true,Add verified Amharic month/day label
Sene,4,sene-04,missing_amharic_date_label,medium,1,true,Add verified Amharic month/day label
Sene,5,sene-05,missing_amharic_date_label,medium,1,true,Add verified Amharic month/day label
Sene,6,sene-06,missing_amharic_date_label,medium,1,true,Add verified Amharic month/day label
Sene,7,sene-07,missing_amharic_date_label,medium,1,true,Add verified Amharic month/day label
Sene,8,sene-08,missing_amharic_date_label,medium,1,true,Add verified Amharic month/day label
Sene,9,sene-09,missing_amharic_date_label,medium,1,true,Add verified Amharic month/day label
Sene,10,sene-10,missing_amharic_date_label,medium,1,true,Add verified Amharic month/day label
Sene,11,sene-11,missing_amharic_date_label,medium,1,true,Add verified Amharic month/day label
Sene,12,sene-12,missing_amharic_date_label,medium,1,true,Add verified Amharic month/day label
Sene,13,sene-13,missing_amharic_date_label,medium,1,true,Add verified Amharic month/day label
Sene,14,sene-14,missing_amharic_date_label,medium,1,true,Add verified Amharic month/day label
Sene,15,sene-15,missing_amharic_date_label,medium,1,true,Add verified Amharic month/day label
Sene,16,sene-16,missing_amharic_date_label,medium,1,true,Add verified Amharic month/day label
Sene,17,sene-17,missing_amharic_date_label,medium,1,true,Add verified Amharic month/day label
Sene,18,sene-18,missing_amharic_date_label,medium,1,true,Add verified Amharic month/day label
Sene,19,sene-19,missing_amharic_date_label,medium,1,true,Add verified Amharic month/day label
Sene,20,sene-20,missing_amharic_date_label,medium,1,true,Add verified Amharic month/day label
Sene,21,sene-21,missing_amharic_date_label,medium,1,true,Add verified Amharic month/day label
Sene,22,sene-22,missing_amharic_date_label,medium,1,true,Add verified Amharic month/day label
Sene,23,sene-23,missing_amharic_date_label,medium,1,true,Add verified Amharic month/day label
Sene,24,sene-24,missing_amharic_date_label,medium,1,true,Add verified Amharic month/day label
Sene,25,sene-25,missing_amharic_date_label,medium,1,true,Add verified Amharic month/day label
Sene,26,sene-26,missing_amharic_date_label,medium,1,true,Add verified Amharic month/day label
Sene,27,sene-27,missing_amharic_date_label,medium,1,true,Add verified Amharic month/day label
Sene,28,sene-28,missing_amharic_date_label,medium,1,true,Add verified Amharic month/day label
Sene,29,sene-29,missing_amharic_date_label,medium,1,true,Add verified Amharic month/day label
Sene,30,sene-30,missing_amharic_date_label,medium,1,true,Add verified Amharic month/day label
Hamle,1,hamle-01,missing_amharic_date_label,medium,1,true,Add verified Amharic month/day label
Hamle,2,hamle-02,missing_amharic_date_label,medium,1,true,Add verified Amharic month/day label
Hamle,3,hamle-03,missing_amharic_date_label,medium,1,true,Add verified Amharic month/day label
Hamle,4,hamle-04,missing_amharic_date_label,medium,1,true,Add verified Amharic month/day label
Hamle,5,hamle-05,missing_amharic_date_label,medium,1,true,Add verified Amharic month/day label
Hamle,6,hamle-06,missing_amharic_date_label,medium,1,true,Add verified Amharic month/day label
Hamle,7,hamle-07,missing_amharic_date_label,medium,1,true,Add verified Amharic month/day label
Hamle,8,hamle-08,missing_amharic_date_label,medium,1,true,Add verified Amharic month/day label
Hamle,9,hamle-09,missing_amharic_date_label,medium,1,true,Add verified Amharic month/day label
Hamle,10,hamle-10,missing_amharic_date_label,medium,1,true,Add verified Amharic month/day label
Hamle,11,hamle-11,missing_amharic_date_label,medium,1,true,Add verified Amharic month/day label
Hamle,12,hamle-12,missing_amharic_date_label,medium,1,true,Add verified Amharic month/day label
Hamle,13,hamle-13,missing_amharic_date_label,medium,1,true,Add verified Amharic month/day label
Hamle,14,hamle-14,missing_amharic_date_label,medium,1,true,Add verified Amharic month/day label
Hamle,15,hamle-15,missing_amharic_date_label,medium,1,true,Add verified Amharic month/day label
Hamle,16,hamle-16,missing_amharic_date_label,medium,1,true,Add verified Amharic month/day label
Hamle,17,hamle-17,missing_amharic_date_label,medium,1,true,Add verified Amharic month/day label
Hamle,18,hamle-18,missing_amharic_date_label,medium,1,true,Add verified Amharic month/day label
Hamle,19,hamle-19,missing_amharic_date_label,medium,1,true,Add verified Amharic month/day label
Hamle,20,hamle-20,missing_amharic_date_label,medium,1,true,Add verified Amharic month/day label
Hamle,21,hamle-21,missing_amharic_date_label,medium,1,true,Add verified Amharic month/day label
Hamle,22,hamle-22,missing_amharic_date_label,medium,1,true,Add verified Amharic month/day label
Hamle,23,hamle-23,missing_amharic_date_label,medium,1,true,Add verified Amharic month/day label
Hamle,24,hamle-24,missing_amharic_date_label,medium,1,true,Add verified Amharic month/day label
Hamle,25,hamle-25,missing_amharic_date_label,medium,1,true,Add verified Amharic month/day label
Hamle,26,hamle-26,missing_amharic_date_label,medium,1,true,Add verified Amharic month/day label
Hamle,27,hamle-27,missing_amharic_date_label,medium,1,true,Add verified Amharic month/day label
Hamle,28,hamle-28,missing_amharic_date_label,medium,1,true,Add verified Amharic month/day label
Hamle,29,hamle-29,missing_amharic_date_label,medium,1,true,Add verified Amharic month/day label
Hamle,30,hamle-30,missing_amharic_date_label,medium,1,true,Add verified Amharic month/day label
Nehase,1,nehase-01,missing_amharic_date_label,medium,1,true,Add verified Amharic month/day label
Nehase,2,nehase-02,missing_amharic_date_label,medium,1,true,Add verified Amharic month/day label
Nehase,3,nehase-03,missing_amharic_date_label,medium,1,true,Add verified Amharic month/day label
Nehase,4,nehase-04,missing_amharic_date_label,medium,1,true,Add verified Amharic month/day label
Nehase,5,nehase-05,missing_amharic_date_label,medium,1,true,Add verified Amharic month/day label
Nehase,6,nehase-06,missing_amharic_date_label,medium,1,true,Add verified Amharic month/day label
Nehase,7,nehase-07,missing_amharic_date_label,medium,1,true,Add verified Amharic month/day label
Nehase,8,nehase-08,missing_amharic_date_label,medium,1,true,Add verified Amharic month/day label
Nehase,9,nehase-09,missing_amharic_date_label,medium,1,true,Add verified Amharic month/day label
Nehase,10,nehase-10,missing_amharic_date_label,medium,1,true,Add verified Amharic month/day label
Nehase,11,nehase-11,missing_amharic_date_label,medium,1,true,Add verified Amharic month/day label
Nehase,12,nehase-12,missing_amharic_date_label,medium,1,true,Add verified Amharic month/day label
Nehase,13,nehase-13,missing_amharic_date_label,medium,1,true,Add verified Amharic month/day label
Nehase,14,nehase-14,missing_amharic_date_label,medium,1,true,Add verified Amharic month/day label
Nehase,15,nehase-15,missing_amharic_date_label,medium,1,true,Add verified Amharic month/day label
Nehase,16,nehase-16,missing_amharic_date_label,medium,1,true,Add verified Amharic month/day label
Nehase,17,nehase-17,missing_amharic_date_label,medium,1,true,Add verified Amharic month/day label
Nehase,18,nehase-18,missing_amharic_date_label,medium,1,true,Add verified Amharic month/day label
Nehase,19,nehase-19,missing_amharic_date_label,medium,1,true,Add verified Amharic month/day label
Nehase,20,nehase-20,missing_amharic_date_label,medium,1,true,Add verified Amharic month/day label
Nehase,21,nehase-21,missing_amharic_date_label,medium,1,true,Add verified Amharic month/day label
Nehase,22,nehase-22,missing_amharic_date_label,medium,1,true,Add verified Amharic month/day label
Nehase,23,nehase-23,missing_amharic_date_label,medium,1,true,Add verified Amharic month/day label
Nehase,24,nehase-24,missing_amharic_date_label,medium,1,true,Add verified Amharic month/day label
Nehase,25,nehase-25,missing_amharic_date_label,medium,1,true,Add verified Amharic month/day label
Nehase,26,nehase-26,missing_amharic_date_label,medium,1,true,Add verified Amharic month/day label
Nehase,27,nehase-27,missing_amharic_date_label,medium,1,true,Add verified Amharic month/day label
Nehase,28,nehase-28,missing_amharic_date_label,medium,1,true,Add verified Amharic month/day label
Nehase,29,nehase-29,missing_amharic_date_label,medium,1,true,Add verified Amharic month/day label
Nehase,30,nehase-30,missing_amharic_date_label,medium,1,true,Add verified Amharic month/day label
Pagumen,1,pagumen-01,missing_amharic_date_label,medium,1,true,Add verified Amharic month/day label
Pagumen,2,pagumen-02,missing_amharic_date_label,medium,1,true,Add verified Amharic month/day label
Pagumen,3,pagumen-03,missing_amharic_date_label,medium,1,true,Add verified Amharic month/day label
Pagumen,4,pagumen-04,missing_amharic_date_label,medium,1,true,Add verified Amharic month/day label
Pagumen,5,pagumen-05,missing_amharic_date_label,medium,1,true,Add verified Amharic month/day label
Pagumen,6,pagumen-06,missing_amharic_date_label,medium,1,true,Add verified Amharic month/day label
ALL,,monthly-day-22,conflicting_saint_name,medium,3,true,Confirm Uriel vs Deqsius emphasis by diocese; keep both names
ALL,,weekly-fasts,do_not_treat_wednesday_friday_as_synaxarium,high,2,false,Keep weekly fasts only in fasts table / fasting_status
