slug,ethiopian_day,title,title_amharic,title_transliteration,commemoration_type,frequency,description,confidence,needs_review,source_ids,notes
monthly-day-01-lideta-birth-of-the-holy-virgin-mary-eli,1,Lideta (Birth of the Holy Virgin Mary) / Elias (Elijah),,Lideta / Elias,mary,every-ethiopian-month,Observed on day 1 of each Ethiopian month (Pagumen when day exists).,high,false,stmaryeotctoronto-liturgical-calendar|wikipedia-tewahedo-calendar,
monthly-day-02-thaddius,2,Thaddius,,Thaddius,saint,every-ethiopian-month,Observed on day 2 of each Ethiopian month (Pagumen when day exists).,medium,true,stmaryeotctoronto-liturgical-calendar|wikipedia-tewahedo-calendar,
monthly-day-03-be-eta-presentation-of-the-holy-virgin,3,Be'eta (Presentation of the Holy Virgin),,Be'eta,mary,every-ethiopian-month,Observed on day 3 of each Ethiopian month (Pagumen when day exists).,high,false,stmaryeotctoronto-liturgical-calendar|wikipedia-tewahedo-calendar,
monthly-day-04-yohannes-wolde-negedgad-john-son-of-thun,4,Yohannes Wolde Negedgad (John Son of Thunder),,Yohannes Wolde Negedgad,saint,every-ethiopian-month,Observed on day 4 of each Ethiopian month (Pagumen when day exists).,medium,true,stmaryeotctoronto-liturgical-calendar|wikipedia-tewahedo-calendar,
monthly-day-05-petros-and-paulos-gebre-menfes-kidus,5,Petros and Paulos / Gebre Menfes Kidus,,Petros we Paulos / Gebre Menfes Kidus,apostle,every-ethiopian-month,Observed on day 5 of each Ethiopian month (Pagumen when day exists).,high,false,stmaryeotctoronto-liturgical-calendar|wikipedia-tewahedo-calendar,
monthly-day-06-our-lady-of-qusquam,6,Our Lady of Qusquam,,Qusquam,mary,every-ethiopian-month,Observed on day 6 of each Ethiopian month (Pagumen when day exists).,medium,true,stmaryeotctoronto-liturgical-calendar|wikipedia-tewahedo-calendar,
monthly-day-07-holy-trinity,7,Holy Trinity,ቅድስት ሥላሴ,Kidist Selassie,trinity,every-ethiopian-month,Observed on day 7 of each Ethiopian month (Pagumen when day exists).,high,false,stmaryeotctoronto-services|stmaryeotctoronto-liturgical-calendar|wikipedia-tewahedo-calendar,
monthly-day-08-kiros-cyrus-abba-banuda,8,Kiros (Cyrus) / Abba Banuda,,Kiros / Abba Banuda,saint,every-ethiopian-month,Observed on day 8 of each Ethiopian month (Pagumen when day exists).,medium,true,stmaryeotctoronto-liturgical-calendar|wikipedia-tewahedo-calendar,
monthly-day-09-thomas-not-the-apostle,9,Thomas (not the Apostle),,Thomas,saint,every-ethiopian-month,Observed on day 9 of each Ethiopian month (Pagumen when day exists).,medium,true,stmaryeotctoronto-liturgical-calendar|wikipedia-tewahedo-calendar,
monthly-day-10-kidus-meskel-holy-cross,10,Kidus Meskel (Holy Cross),,Kidus Meskel,feast,every-ethiopian-month,Observed on day 10 of each Ethiopian month (Pagumen when day exists).,high,false,stmaryeotctoronto-liturgical-calendar|wikipedia-tewahedo-calendar,
monthly-day-11-hanna-and-iyaqem-fasilides,11,Hanna and Iyaqem / Fasilides,,Hanna we Iyaqem / Fasilides,saint,every-ethiopian-month,Observed on day 11 of each Ethiopian month (Pagumen when day exists).,medium,true,stmaryeotctoronto-liturgical-calendar|wikipedia-tewahedo-calendar,
monthly-day-12-saint-michael-the-archangel,12,Saint Michael the Archangel,ቅዱስ ሚካኤል,Kidus Mikael,angel,every-ethiopian-month,Observed on day 12 of each Ethiopian month (Pagumen when day exists).,high,false,stmaryeotctoronto-services|stmaryeotctoronto-liturgical-calendar|wikipedia-tewahedo-calendar|eotc-monthly-json,
monthly-day-13-igziabher-ab-raphael-the-archangel,13,Igziabher Ab / Raphael the Archangel,,Igziabher Ab / Ruphael,angel,every-ethiopian-month,Observed on day 13 of each Ethiopian month (Pagumen when day exists).,medium,true,stmaryeotctoronto-liturgical-calendar|wikipedia-tewahedo-calendar,
monthly-day-14-abuna-aregawi-gebre-kristos,14,Abuna Aregawi / Gebre Kristos,,Abuna Aregawi / Gebre Kristos,saint,every-ethiopian-month,Observed on day 14 of each Ethiopian month (Pagumen when day exists).,medium,true,stmaryeotctoronto-liturgical-calendar|wikipedia-tewahedo-calendar,
monthly-day-15-kirkos-and-iyeluta-cyricus-and-julitta,15,Kirkos and Iyeluta (Cyricus and Julitta),,Kirkos we Iyeluta,martyr,every-ethiopian-month,Observed on day 15 of each Ethiopian month (Pagumen when day exists).,high,false,stmaryeotctoronto-liturgical-calendar|wikipedia-tewahedo-calendar,
monthly-day-16-kidane-mihret-covenant-of-mercy,16,Kidane Mihret (Covenant of Mercy),ኪዳነ ምህረት,Kidane Mihret,mary,every-ethiopian-month,Observed on day 16 of each Ethiopian month (Pagumen when day exists).,high,false,stmaryeotctoronto-services|stmaryeotctoronto-liturgical-calendar|wikipedia-tewahedo-calendar,
monthly-day-17-estifanos-stephen-abba-gerima,17,Estifanos (Stephen) / Abba Gerima,,Estifanos / Abba Gerima,martyr,every-ethiopian-month,Observed on day 17 of each Ethiopian month (Pagumen when day exists).,high,false,stmaryeotctoronto-liturgical-calendar|wikipedia-tewahedo-calendar,
monthly-day-18-ewostatewos,18,Ewostatewos,,Ewostatewos,saint,every-ethiopian-month,Observed on day 18 of each Ethiopian month (Pagumen when day exists).,medium,true,stmaryeotctoronto-liturgical-calendar|wikipedia-tewahedo-calendar,
monthly-day-19-saint-gabriel-the-archangel,19,Saint Gabriel the Archangel,ቅዱስ ገብርኤል,Kidus Gebriel,angel,every-ethiopian-month,Observed on day 19 of each Ethiopian month (Pagumen when day exists).,high,false,stmaryeotctoronto-services|stmaryeotctoronto-liturgical-calendar|wikipedia-tewahedo-calendar|eotcmk-gabriel|eotc-monthly-json,
monthly-day-20-hnstata,20,Hnstata,,Hnstata,other,every-ethiopian-month,Observed on day 20 of each Ethiopian month (Pagumen when day exists).,low,true,stmaryeotctoronto-liturgical-calendar|wikipedia-tewahedo-calendar,
monthly-day-21-holy-virgin-mary-mother-of-god,21,"Holy Virgin Mary, Mother of God",ቅድስት ድንግል ማርያም,Kidist Dingil Mariam,mary,every-ethiopian-month,Observed on day 21 of each Ethiopian month (Pagumen when day exists).,high,false,stmaryeotctoronto-services|stmaryeotctoronto-liturgical-calendar|wikipedia-tewahedo-calendar|eotc-monthly-json,
monthly-day-22-deqsius-uriel-the-archangel,22,Deqsius / Uriel the Archangel,ቅዱስ ኡራኤል,Deqsius / Kidus Uriel,angel,every-ethiopian-month,Observed on day 22 of each Ethiopian month (Pagumen when day exists).,medium,true,stmaryeotctoronto-services|stmaryeotctoronto-liturgical-calendar|wikipedia-tewahedo-calendar|eotc-monthly-json,Parish sources list Uriel; Wikipedia lists Deqsius with Uriel. Record both.
monthly-day-23-georgis-saint-george,23,Georgis (Saint George),ቅዱስ ጊዮርጊስ,Kidus Giyorgis,martyr,every-ethiopian-month,Observed on day 23 of each Ethiopian month (Pagumen when day exists).,high,false,stmaryeotctoronto-liturgical-calendar|wikipedia-tewahedo-calendar|eotc-monthly-json,
monthly-day-24-abune-tekle-haymanot-twenty-four-heavenl,24,Abune Tekle Haymanot / Twenty-Four Heavenly Priests,,Abune Tekle Haymanot,saint,every-ethiopian-month,Observed on day 24 of each Ethiopian month (Pagumen when day exists).,high,false,stmaryeotctoronto-liturgical-calendar|wikipedia-tewahedo-calendar,
monthly-day-25-merkorios-saint-mercurius,25,Merkorios (Saint Mercurius),,Merkorios,martyr,every-ethiopian-month,Observed on day 25 of each Ethiopian month (Pagumen when day exists).,high,false,stmaryeotctoronto-liturgical-calendar|wikipedia-tewahedo-calendar,
monthly-day-26-thomas-the-apostle,26,Thomas the Apostle,,Thomas,apostle,every-ethiopian-month,Observed on day 26 of each Ethiopian month (Pagumen when day exists).,high,false,stmaryeotctoronto-liturgical-calendar|wikipedia-tewahedo-calendar,
monthly-day-27-medhane-alem-savior-of-the-world,27,Medhane Alem (Savior of the World),,Medhane Alem,christ,every-ethiopian-month,Observed on day 27 of each Ethiopian month (Pagumen when day exists).,high,false,stmaryeotctoronto-liturgical-calendar|wikipedia-tewahedo-calendar,
monthly-day-28-immanuel,28,Immanuel,,Immanuel,christ,every-ethiopian-month,Observed on day 28 of each Ethiopian month (Pagumen when day exists).,high,false,stmaryeotctoronto-liturgical-calendar|wikipedia-tewahedo-calendar,
monthly-day-29-bale-wold-feast-of-god-the-son-kidist-ar,29,Bale Wold (Feast of God the Son) / Kidist Arsema,,Bale Wold / Kidist Arsema,christ,every-ethiopian-month,Observed on day 29 of each Ethiopian month (Pagumen when day exists).,medium,true,stmaryeotctoronto-liturgical-calendar|wikipedia-tewahedo-calendar,
monthly-day-30-markos-mark-the-evangelist,30,Markos (Mark the Evangelist),,Markos,apostle,every-ethiopian-month,Observed on day 30 of each Ethiopian month (Pagumen when day exists).,high,false,stmaryeotctoronto-liturgical-calendar|wikipedia-tewahedo-calendar,
saint-michael-monthly-12,12,Saint Michael Monthly Commemoration,ቅዱስ ሚካኤል,Kidus Mikael,angel,every-ethiopian-month,"Monthly commemoration of Archangel Michael, protector and intercessor.",high,true,eotc-calendar-json,From project monthly-commemorations.json
saint-gabriel-monthly-19,19,Saint Gabriel Monthly Commemoration,ቅዱስ ገብርኤል,Kidus Gebriel,angel,every-ethiopian-month,"Monthly commemoration of Archangel Gabriel, messenger of divine glad tidings.",high,true,eotc-calendar-json,From project monthly-commemorations.json
saint-mary-monthly-21,21,Saint Mary Monthly Commemoration,ቅድስት ማርያም,Kidist Mariam,mary,every-ethiopian-month,Primary monthly commemoration of Saint Mary and her intercession.,high,true,eotc-calendar-json,From project monthly-commemorations.json
saint-george-monthly-23,23,Saint Georgios Monthly Commemoration,ቅዱስ ጊዮርጊስ,Kidus Giorgis,martyr,every-ethiopian-month,"Monthly commemoration of Saint Georgios, the victorious martyr.",high,true,eotc-calendar-json,From project monthly-commemorations.json
saint-tekle-haymanot-monthly-24,24,Abune Tekle Haymanot Monthly Commemoration,አቡነ ተክለ ሃይማኖት,Abune Tekle Haymanot,saint,every-ethiopian-month,Monthly commemoration of Abune Tekle Haymanot.,high,true,eotc-calendar-json,From project monthly-commemorations.json
medhane-alem-monthly-27,27,Medhane Alem Monthly Commemoration,መድኃኔ ዓለም,Medhane Alem,major-feast,every-ethiopian-month,Monthly commemoration of the Savior of the World.,high,true,eotc-calendar-json,From project monthly-commemorations.json
silase-monthly-7,7,Silase / Holy Trinity Monthly Commemoration,,Silase,major-feast,every-ethiopian-month,Monthly commemoration of the Holy Trinity.,high,true,eotc-calendar-json,From project monthly-commemorations.json
saint-raphael-monthly-13,13,Kidus Raphael Monthly Commemoration,,Kidus Raphael,angel,every-ethiopian-month,Monthly commemoration of Archangel Raphael.,medium,true,eotc-calendar-json,From project monthly-commemorations.json
kidane-mihret-monthly-16,16,Kidane Mihret Monthly Commemoration,,Kidane Mihret,mary,every-ethiopian-month,"Monthly commemoration of Kidane Mihret, the Covenant of Mercy.",high,true,eotc-calendar-json,From project monthly-commemorations.json
saint-uriel-monthly-22,22,Kidus Uriel Monthly Commemoration,,Kidus Uriel,angel,every-ethiopian-month,Monthly commemoration of Archangel Uriel.,medium,true,eotc-calendar-json,From project monthly-commemorations.json
saint-mercurius-monthly-25,25,St. Merkorious Monthly Commemoration,,Kidus Merkorious,saint,every-ethiopian-month,Monthly commemoration of St. Merkorious.,medium,true,eotc-calendar-json,From project monthly-commemorations.json
christ-nativity-monthly-29,29,Monthly Nativity of Christ,,Lidet,major-feast,every-ethiopian-month,Monthly remembrance of the Nativity of Christ.,high,true,eotc-calendar-json,From project monthly-commemorations.json
