slug,name,name_amharic,transliteration,type,short_bio,full_bio,historical_period,image_path,source,status,confidence,needs_review
saint-john-the-baptist,Saint John the Baptist,ዮሐንስ መጥምቅ,Yohannes Met'miq,saint,"Commemorates Saint John the Baptist, the forerunner of the Lord.",Saint John the Baptist is remembered as the forerunner who prepared the way of the Lord.,,,eotc-calendar-json,published,high,true
saint-george-major,Saint Georgios,ቅዱስ ጊዮርጊስ,Kidus Giorgis,martyr,"Commemorates Saint Georgios, the victorious martyr and beloved intercessor.","Saint Georgios is remembered for his courage, faithfulness, and victory in martyrdom.",,,eotc-calendar-json,published,high,true
saint-tekle-haymanot-major,Abune Tekle Haymanot,አቡነ ተክለ ሃይማኖት,Abune Tekle Haymanot,saint,"Commemorates Abune Tekle Haymanot, one of the greatest Ethiopian saints.","Abune Tekle Haymanot is honored as a great Ethiopian monk, teacher, and holy intercessor.",,,eotc-calendar-json,published,high,true
saint-yared-major,Saint Yared,ቅዱስ ያሬድ,Kidus Yared,saint,"Commemorates Saint Yared, master of sacred chant and Ethiopian hymnography.",Saint Yared is honored for the gift of sacred chant and the shaping of Ethiopian liturgical music.,,,eotc-calendar-json,published,high,true
saint-stephen-major,Kidus Estifanos,ቅዱስ እስጢፋኖስ,Kidus Estifanos,martyr,"Commemorates Kidus Estifanos, the first martyr of the Church.",Kidus Estifanos is remembered as the protomartyr whose witness sealed the Gospel with blood.,,,eotc-calendar-json,published,high,true
saint-peter-and-paul,Saints Peter and Paul,ቅዱሳን ጴጥሮስ እና ጳውሎስ,Petros ena Pawlos,apostle,"Commemorates Saints Peter and Paul, pillars of apostolic witness.",Saints Peter and Paul are honored as chief apostles and enduring witnesses of the Gospel.,,,eotc-calendar-json,published,high,true
person-thaddius,Thaddius,,Thaddius,saint,Person/figure commemorated monthly on day 2.,,,,stmaryeotctoronto-liturgical-calendar|wikipedia-tewahedo-calendar,published,medium,true
person-yohannes-wolde-negedgad-john-son-of-thunder,Yohannes Wolde Negedgad (John Son of Thunder),,Yohannes Wolde Negedgad,saint,Person/figure commemorated monthly on day 4.,,,,stmaryeotctoronto-liturgical-calendar|wikipedia-tewahedo-calendar,published,medium,true
person-petros-and-paulos-gebre-menfes-kidus,Petros and Paulos / Gebre Menfes Kidus,,Petros we Paulos / Gebre Menfes Kidus,apostle,Person/figure commemorated monthly on day 5.,,,,stmaryeotctoronto-liturgical-calendar|wikipedia-tewahedo-calendar,published,high,false
person-kiros-cyrus-abba-banuda,Kiros (Cyrus) / Abba Banuda,,Kiros / Abba Banuda,saint,Person/figure commemorated monthly on day 8.,,,,stmaryeotctoronto-liturgical-calendar|wikipedia-tewahedo-calendar,published,medium,true
person-thomas-not-the-apostle,Thomas (not the Apostle),,Thomas,saint,Person/figure commemorated monthly on day 9.,,,,stmaryeotctoronto-liturgical-calendar|wikipedia-tewahedo-calendar,published,medium,true
person-hanna-and-iyaqem-fasilides,Hanna and Iyaqem / Fasilides,,Hanna we Iyaqem / Fasilides,saint,Person/figure commemorated monthly on day 11.,,,,stmaryeotctoronto-liturgical-calendar|wikipedia-tewahedo-calendar,published,medium,true
person-saint-michael-the-archangel,Saint Michael the Archangel,ቅዱስ ሚካኤል,Kidus Mikael,angel,Person/figure commemorated monthly on day 12.,,,,stmaryeotctoronto-services|stmaryeotctoronto-liturgical-calendar|wikipedia-tewahedo-calendar|eotc-monthly-json,published,high,false
person-igziabher-ab-raphael-the-archangel,Igziabher Ab / Raphael the Archangel,,Igziabher Ab / Ruphael,angel,Person/figure commemorated monthly on day 13.,,,,stmaryeotctoronto-liturgical-calendar|wikipedia-tewahedo-calendar,published,medium,true
person-abuna-aregawi-gebre-kristos,Abuna Aregawi / Gebre Kristos,,Abuna Aregawi / Gebre Kristos,saint,Person/figure commemorated monthly on day 14.,,,,stmaryeotctoronto-liturgical-calendar|wikipedia-tewahedo-calendar,published,medium,true
person-kirkos-and-iyeluta-cyricus-and-julitta,Kirkos and Iyeluta (Cyricus and Julitta),,Kirkos we Iyeluta,martyr,Person/figure commemorated monthly on day 15.,,,,stmaryeotctoronto-liturgical-calendar|wikipedia-tewahedo-calendar,published,high,false
person-estifanos-stephen-abba-gerima,Estifanos (Stephen) / Abba Gerima,,Estifanos / Abba Gerima,martyr,Person/figure commemorated monthly on day 17.,,,,stmaryeotctoronto-liturgical-calendar|wikipedia-tewahedo-calendar,published,high,false
person-ewostatewos,Ewostatewos,,Ewostatewos,saint,Person/figure commemorated monthly on day 18.,,,,stmaryeotctoronto-liturgical-calendar|wikipedia-tewahedo-calendar,published,medium,true
person-saint-gabriel-the-archangel,Saint Gabriel the Archangel,ቅዱስ ገብርኤል,Kidus Gebriel,angel,Person/figure commemorated monthly on day 19.,,,,stmaryeotctoronto-services|stmaryeotctoronto-liturgical-calendar|wikipedia-tewahedo-calendar|eotcmk-gabriel|eotc-monthly-json,published,high,false
person-deqsius-uriel-the-archangel,Deqsius / Uriel the Archangel,ቅዱስ ኡራኤል,Deqsius / Kidus Uriel,angel,Person/figure commemorated monthly on day 22.,,,,stmaryeotctoronto-services|stmaryeotctoronto-liturgical-calendar|wikipedia-tewahedo-calendar|eotc-monthly-json,published,medium,true
person-georgis-saint-george,Georgis (Saint George),ቅዱስ ጊዮርጊስ,Kidus Giyorgis,martyr,Person/figure commemorated monthly on day 23.,,,,stmaryeotctoronto-liturgical-calendar|wikipedia-tewahedo-calendar|eotc-monthly-json,published,high,false
person-abune-tekle-haymanot-twenty-four-heavenly-priests,Abune Tekle Haymanot / Twenty-Four Heavenly Priests,,Abune Tekle Haymanot,saint,Person/figure commemorated monthly on day 24.,,,,stmaryeotctoronto-liturgical-calendar|wikipedia-tewahedo-calendar,published,high,false
person-merkorios-saint-mercurius,Merkorios (Saint Mercurius),,Merkorios,martyr,Person/figure commemorated monthly on day 25.,,,,stmaryeotctoronto-liturgical-calendar|wikipedia-tewahedo-calendar,published,high,false
person-thomas-the-apostle,Thomas the Apostle,,Thomas,apostle,Person/figure commemorated monthly on day 26.,,,,stmaryeotctoronto-liturgical-calendar|wikipedia-tewahedo-calendar,published,high,false
person-markos-mark-the-evangelist,Markos (Mark the Evangelist),,Markos,apostle,Person/figure commemorated monthly on day 30.,,,,stmaryeotctoronto-liturgical-calendar|wikipedia-tewahedo-calendar,published,high,false
