"edition","source_file","canonical_book","source_book","chapter","section","source_position","verse_number","issue_type","severity","classification","original_text","proposed_text","action_taken","confidence","evidence","notes"
"am","data/bible/am/82-1_celement.json","clement","82","6","1","1:86","86","BLANK_TEXT","HIGH","REVIEW_ONLY","","","None","LOW","Source JSON and neighboring positions only","Text is empty or whitespace-only; do not fill without same-edition evidence."
"am","data/bible/am/82-1_celement.json","clement","82","9","1","1:18","18","BLANK_TEXT","HIGH","REVIEW_ONLY","","","None","LOW","Source JSON and neighboring positions only","Text is empty or whitespace-only; do not fill without same-edition evidence."
"am","data/bible/am/82-1_celement.json","clement","82","9","1","1:19","19","BLANK_TEXT","HIGH","REVIEW_ONLY","","","None","LOW","Source JSON and neighboring positions only","Text is empty or whitespace-only; do not fill without same-edition evidence."
"am","data/bible/am/82-1_celement.json","clement","82","9","1","1:20","20","BLANK_TEXT","HIGH","REVIEW_ONLY","","","None","LOW","Source JSON and neighboring positions only","Text is empty or whitespace-only; do not fill without same-edition evidence."
"am","data/bible/am/83-didascalia.json","didascalia","83","33","1","1:152","152","BLANK_TEXT","HIGH","REVIEW_ONLY","","","None","LOW","Source JSON and neighboring positions only","Text is empty or whitespace-only; do not fill without same-edition evidence."
"am","data/bible/am/83-didascalia.json","didascalia","83","33","1","1:153","153","BLANK_TEXT","HIGH","REVIEW_ONLY","","","None","LOW","Source JSON and neighboring positions only","Text is empty or whitespace-only; do not fill without same-edition evidence."
"am","data/bible/am/83-didascalia.json","didascalia","83","33","1","1:154","154","BLANK_TEXT","HIGH","REVIEW_ONLY","","","None","LOW","Source JSON and neighboring positions only","Text is empty or whitespace-only; do not fill without same-edition evidence."
"am","data/bible/am/83-didascalia.json","didascalia","83","33","1","1:155","155","BLANK_TEXT","HIGH","REVIEW_ONLY","","","None","LOW","Source JSON and neighboring positions only","Text is empty or whitespace-only; do not fill without same-edition evidence."
"am","data/bible/am/83-didascalia.json","didascalia","83","33","1","1:156","156","BLANK_TEXT","HIGH","REVIEW_ONLY","","","None","LOW","Source JSON and neighboring positions only","Text is empty or whitespace-only; do not fill without same-edition evidence."
"am","data/bible/am/83-didascalia.json","didascalia","83","33","1","1:157","157","BLANK_TEXT","HIGH","REVIEW_ONLY","","","None","LOW","Source JSON and neighboring positions only","Text is empty or whitespace-only; do not fill without same-edition evidence."
"am","data/bible/am/83-didascalia.json","didascalia","83","33","1","1:226","226","BLANK_TEXT","HIGH","REVIEW_ONLY","","","None","LOW","Source JSON and neighboring positions only","Text is empty or whitespace-only; do not fill without same-edition evidence."
"am","data/bible/am/83-didascalia.json","didascalia","83","33","1","1:227","227","BLANK_TEXT","HIGH","REVIEW_ONLY","","","None","LOW","Source JSON and neighboring positions only","Text is empty or whitespace-only; do not fill without same-edition evidence."
"am","data/bible/am/83-didascalia.json","didascalia","83","33","1","1:228","228","BLANK_TEXT","HIGH","REVIEW_ONLY","","","None","LOW","Source JSON and neighboring positions only","Text is empty or whitespace-only; do not fill without same-edition evidence."
"am","data/bible/am/83-didascalia.json","didascalia","83","33","1","1:229","229","BLANK_TEXT","HIGH","REVIEW_ONLY","","","None","LOW","Source JSON and neighboring positions only","Text is empty or whitespace-only; do not fill without same-edition evidence."
"am","data/bible/am/83-didascalia.json","didascalia","83","33","1","1:230","230","BLANK_TEXT","HIGH","REVIEW_ONLY","","","None","LOW","Source JSON and neighboring positions only","Text is empty or whitespace-only; do not fill without same-edition evidence."
"am","data/bible/am/83-didascalia.json","didascalia","83","33","1","1:231","231","BLANK_TEXT","HIGH","REVIEW_ONLY","","","None","LOW","Source JSON and neighboring positions only","Text is empty or whitespace-only; do not fill without same-edition evidence."
"am","data/bible/am/83-didascalia.json","didascalia","83","33","1","1:232","232","BLANK_TEXT","HIGH","REVIEW_ONLY","","","None","LOW","Source JSON and neighboring positions only","Text is empty or whitespace-only; do not fill without same-edition evidence."
"web","data/bible/EN/web.json","luke","42","17","","36","36","BLANK_TEXT","INFO","NO_ISSUE","","","None","HIGH","Official WEB chapter page: https://ebible.org/eng-web/LUK17.htm","WEB prints this verse location as a textual-variant marker without main-text verse wording; retain the empty source slot."
"web","data/bible/EN/web.json","acts","44","8","","37","37","BLANK_TEXT","INFO","NO_ISSUE","","","None","HIGH","Official WEB chapter page: https://ebible.org/eng-web/ACT08.htm","WEB prints this verse location as a textual-variant marker without main-text verse wording; retain the empty source slot."
"web","data/bible/EN/web.json","acts","44","15","","34","34","BLANK_TEXT","INFO","NO_ISSUE","","","None","HIGH","Official WEB chapter page: https://ebible.org/eng-web/ACT15.htm","WEB prints this verse location as a textual-variant marker without main-text verse wording; retain the empty source slot."
"web","data/bible/EN/web.json","acts","44","24","","7","7","BLANK_TEXT","INFO","NO_ISSUE","","","None","HIGH","Official WEB chapter page: https://ebible.org/eng-web/ACT24.htm","WEB prints this verse location as a textual-variant marker without main-text verse wording; retain the empty source slot."
"web","data/bible/EN/web.json","romans","45","16","","25","25","BLANK_TEXT","INFO","NO_ISSUE","","","None","HIGH","Official WEB chapter page: https://ebible.org/eng-web/ROM16.htm","WEB prints this verse location as a textual-variant marker without main-text verse wording; retain the empty source slot."
