"canonical_book","collection","am_source_volumes","web_source_volumes","am_chapters","web_chapters","classification","notes"
"genesis","old","1","1","50","50","NO_ISSUE","Chapter counts are a comparison signal only; no verse alignment is asserted."
"exodus","old","1","1","40","40","NO_ISSUE","Chapter counts are a comparison signal only; no verse alignment is asserted."
"leviticus","old","1","1","27","27","NO_ISSUE","Chapter counts are a comparison signal only; no verse alignment is asserted."
"numbers","old","1","1","36","36","NO_ISSUE","Chapter counts are a comparison signal only; no verse alignment is asserted."
"deuteronomy","old","1","1","34","34","NO_ISSUE","Chapter counts are a comparison signal only; no verse alignment is asserted."
"joshua","old","1","1","24","24","NO_ISSUE","Chapter counts are a comparison signal only; no verse alignment is asserted."
"judges","old","1","1","21","21","NO_ISSUE","Chapter counts are a comparison signal only; no verse alignment is asserted."
"ruth","old","1","1","4","4","NO_ISSUE","Chapter counts are a comparison signal only; no verse alignment is asserted."
"samuel","old","2","2","55","55","NO_ISSUE","Chapter counts are a comparison signal only; no verse alignment is asserted."
"kings","old","2","2","47","47","NO_ISSUE","Chapter counts are a comparison signal only; no verse alignment is asserted."
"first-chronicles","old","1","1","29","29","NO_ISSUE","Chapter counts are a comparison signal only; no verse alignment is asserted."
"second-chronicles","old","1","1","36","36","NO_ISSUE","Chapter counts are a comparison signal only; no verse alignment is asserted."
"jubilees","old","1","0","34","0","NO_ISSUE","Chapter counts are a comparison signal only; no verse alignment is asserted."
"enoch","old","1","0","42","0","NO_ISSUE","Chapter counts are a comparison signal only; no verse alignment is asserted."
"ezra-nehemiah","old","2","2","23","23","NO_ISSUE","Chapter counts are a comparison signal only; no verse alignment is asserted."
"second-ezra-and-ezra-sutuel","old","2","0","22","0","NO_ISSUE","Chapter counts are a comparison signal only; no verse alignment is asserted."
"tobit","old","1","0","14","0","NO_ISSUE","Chapter counts are a comparison signal only; no verse alignment is asserted."
"judith","old","1","0","16","0","NO_ISSUE","Chapter counts are a comparison signal only; no verse alignment is asserted."
"esther","old","1","1","11","10","REVIEW_ONLY","Chapter counts are a comparison signal only; no verse alignment is asserted."
"first-meqabyan","old","1","0","36","0","NO_ISSUE","Chapter counts are a comparison signal only; no verse alignment is asserted."
"second-and-third-meqabyan","old","2","0","31","0","NO_ISSUE","Chapter counts are a comparison signal only; no verse alignment is asserted."
"job","old","1","1","42","42","NO_ISSUE","Chapter counts are a comparison signal only; no verse alignment is asserted."
"psalms","old","1","1","150","150","NO_ISSUE","Chapter counts are a comparison signal only; no verse alignment is asserted."
"proverbs","old","1","1","24","31","REVIEW_ONLY","WEB Proverbs overlaps separately counted Amharic Proverbs/Tegsats; bilingual alignment is unverified."
"tegsats","old","1","0","6","0","NO_ISSUE","WEB Proverbs overlaps separately counted Amharic Proverbs/Tegsats; bilingual alignment is unverified."
"wisdom","old","1","0","19","0","NO_ISSUE","Chapter counts are a comparison signal only; no verse alignment is asserted."
"ecclesiastes","old","1","1","12","12","NO_ISSUE","Chapter counts are a comparison signal only; no verse alignment is asserted."
"song-of-songs","old","1","1","8","8","NO_ISSUE","Chapter counts are a comparison signal only; no verse alignment is asserted."
"isaiah","old","1","1","66","66","NO_ISSUE","Chapter counts are a comparison signal only; no verse alignment is asserted."
"jeremiah-collection","old","5","2","68","57","REVIEW_ONLY","Chapter counts are a comparison signal only; no verse alignment is asserted."
"ezekiel","old","1","1","48","48","NO_ISSUE","Chapter counts are a comparison signal only; no verse alignment is asserted."
"daniel","old","1","1","14","12","REVIEW_ONLY","Chapter counts are a comparison signal only; no verse alignment is asserted."
"hosea","old","1","1","14","14","NO_ISSUE","Chapter counts are a comparison signal only; no verse alignment is asserted."
"amos","old","1","1","9","9","NO_ISSUE","Chapter counts are a comparison signal only; no verse alignment is asserted."
"micah","old","1","1","7","7","NO_ISSUE","Chapter counts are a comparison signal only; no verse alignment is asserted."
"joel","old","1","1","3","3","NO_ISSUE","Chapter counts are a comparison signal only; no verse alignment is asserted."
"obadiah","old","1","1","1","1","NO_ISSUE","Chapter counts are a comparison signal only; no verse alignment is asserted."
"jonah","old","1","1","4","4","NO_ISSUE","Chapter counts are a comparison signal only; no verse alignment is asserted."
"nahum","old","1","1","3","3","NO_ISSUE","Chapter counts are a comparison signal only; no verse alignment is asserted."
"habakkuk","old","1","1","3","3","NO_ISSUE","Chapter counts are a comparison signal only; no verse alignment is asserted."
"zephaniah","old","1","1","3","3","NO_ISSUE","Chapter counts are a comparison signal only; no verse alignment is asserted."
"haggai","old","1","1","2","2","NO_ISSUE","Chapter counts are a comparison signal only; no verse alignment is asserted."
"zechariah","old","1","1","14","14","NO_ISSUE","Chapter counts are a comparison signal only; no verse alignment is asserted."
"malachi","old","1","1","4","4","NO_ISSUE","Chapter counts are a comparison signal only; no verse alignment is asserted."
"sirach","old","1","0","51","0","NO_ISSUE","Chapter counts are a comparison signal only; no verse alignment is asserted."
"josephas-son-of-bengorion","old","0","0","0","0","NO_ISSUE","Canonical slot has no imported source; no text was invented."
"matthew","new","1","1","28","28","NO_ISSUE","Chapter counts are a comparison signal only; no verse alignment is asserted."
"mark","new","1","1","16","16","NO_ISSUE","Chapter counts are a comparison signal only; no verse alignment is asserted."
"luke","new","1","1","24","24","NO_ISSUE","Chapter counts are a comparison signal only; no verse alignment is asserted."
"john","new","1","1","21","21","NO_ISSUE","Chapter counts are a comparison signal only; no verse alignment is asserted."
"acts","new","1","1","28","28","NO_ISSUE","Chapter counts are a comparison signal only; no verse alignment is asserted."
"romans","new","1","1","16","16","NO_ISSUE","Chapter counts are a comparison signal only; no verse alignment is asserted."
"first-corinthians","new","1","1","16","16","NO_ISSUE","Chapter counts are a comparison signal only; no verse alignment is asserted."
"second-corinthians","new","1","1","13","13","NO_ISSUE","Chapter counts are a comparison signal only; no verse alignment is asserted."
"galatians","new","1","1","6","6","NO_ISSUE","Chapter counts are a comparison signal only; no verse alignment is asserted."
"ephesians","new","1","1","6","6","NO_ISSUE","Chapter counts are a comparison signal only; no verse alignment is asserted."
"philippians","new","1","1","4","4","NO_ISSUE","Chapter counts are a comparison signal only; no verse alignment is asserted."
"colossians","new","1","1","4","4","NO_ISSUE","Chapter counts are a comparison signal only; no verse alignment is asserted."
"first-thessalonians","new","1","1","5","5","NO_ISSUE","Chapter counts are a comparison signal only; no verse alignment is asserted."
"second-thessalonians","new","1","1","3","3","NO_ISSUE","Chapter counts are a comparison signal only; no verse alignment is asserted."
"first-timothy","new","1","1","6","6","NO_ISSUE","Chapter counts are a comparison signal only; no verse alignment is asserted."
"second-timothy","new","1","1","4","4","NO_ISSUE","Chapter counts are a comparison signal only; no verse alignment is asserted."
"titus","new","1","1","3","3","NO_ISSUE","Chapter counts are a comparison signal only; no verse alignment is asserted."
"philemon","new","1","1","1","1","NO_ISSUE","Chapter counts are a comparison signal only; no verse alignment is asserted."
"hebrews","new","1","1","13","13","NO_ISSUE","Chapter counts are a comparison signal only; no verse alignment is asserted."
"first-peter","new","1","1","5","5","NO_ISSUE","Chapter counts are a comparison signal only; no verse alignment is asserted."
"second-peter","new","1","1","3","3","NO_ISSUE","Chapter counts are a comparison signal only; no verse alignment is asserted."
"first-john","new","1","1","5","5","NO_ISSUE","Chapter counts are a comparison signal only; no verse alignment is asserted."
"second-john","new","1","1","1","1","NO_ISSUE","Chapter counts are a comparison signal only; no verse alignment is asserted."
"third-john","new","1","1","1","1","NO_ISSUE","Chapter counts are a comparison signal only; no verse alignment is asserted."
"james","new","1","1","5","5","NO_ISSUE","Chapter counts are a comparison signal only; no verse alignment is asserted."
"jude","new","1","1","1","1","NO_ISSUE","Chapter counts are a comparison signal only; no verse alignment is asserted."
"revelation","new","1","1","22","22","NO_ISSUE","Chapter counts are a comparison signal only; no verse alignment is asserted."
"sirate-tsion","new","0","0","0","0","NO_ISSUE","Canonical slot has no imported source; no text was invented."
"tizaz","new","0","0","0","0","NO_ISSUE","Canonical slot has no imported source; no text was invented."
"gitsew","new","0","0","0","0","NO_ISSUE","Canonical slot has no imported source; no text was invented."
"abtilis","new","0","0","0","0","NO_ISSUE","Canonical slot has no imported source; no text was invented."
"first-dominos","new","0","0","0","0","NO_ISSUE","Canonical slot has no imported source; no text was invented."
"second-dominos","new","0","0","0","0","NO_ISSUE","Canonical slot has no imported source; no text was invented."
"clement","new","1","0","12","0","NO_ISSUE","Chapter counts are a comparison signal only; no verse alignment is asserted."
"didascalia","new","1","0","43","0","NO_ISSUE","Chapter counts are a comparison signal only; no verse alignment is asserted."
