"edition","source_file","sha256","source_book","canonical_book","chapters","sections","verses","flagged_signals","provenance"
"am","data/bible/am/01-genesis.json","93130e125a28a32c49ed1bf5c9e8eecc2116dd9a285cbcdc44d2baf2625eb18c","1","genesis","50","106","1533","0","No provenance field in source JSON"
"am","data/bible/am/02-exodus.json","d4c86fac7e9b46ba44d28a4ff454c9dfd800b393eef42eb58846bbd70140079d","2","exodus","40","105","1213","2","No provenance field in source JSON"
"am","data/bible/am/03-leviticus.json","5aa4cd0ff1ec6c07cbc7a19e97e122ca43631716b987389854dadee65fb7f347","3","leviticus","27","50","859","10","No provenance field in source JSON"
"am","data/bible/am/04-numbers.json","0a7747f33598b32318c5921da1ae8803230f3c6f7308e732ee89110d9f66ae2c","4","numbers","36","85","1288","56","No provenance field in source JSON"
"am","data/bible/am/05-deuteronomy.json","f808ae1c180ddddb75264cc3ed406c90afccf04e1181636dedb245564f7b350a","5","deuteronomy","34","84","959","0","No provenance field in source JSON"
"am","data/bible/am/06-joshua.json","53d2f7914192bdd718b273a28cc7742b2a66789e9cb1627389ceb61a23bd682d","6","joshua","24","50","659","0","No provenance field in source JSON"
"am","data/bible/am/07-judges.json","eac797213fb619d98f388df86ffe2f1bfed9d754a1656f6b779e6613a142f22b","7","judges","21","44","588","0","No provenance field in source JSON"
"am","data/bible/am/08-ruth.json","61ba52e17aeb30fd1d3a2e39b1d21efcdaa3e3fd7e807632200450ed62b5e315","8","ruth","4","4","85","0","No provenance field in source JSON"
"am","data/bible/am/09-1samuel.json","ec723e3b13f50f21342c253bbaf991db1009a65b6eb8d1c8e750ef92d83cf5df","9","samuel","31","50","800","1","No provenance field in source JSON"
"am","data/bible/am/10-2 samuel.json","2349b12d55a3f3adb600034f11c5b269f631c34738dc08e05fec0b50547bdcdf","10","samuel","24","43","678","2","No provenance field in source JSON"
"am","data/bible/am/11-1 kings.json","9b8e338c8c41922e7fcf21115286fcd577a62906a3e37c8fc3878288610f36c4","11","kings","22","44","816","0","No provenance field in source JSON"
"am","data/bible/am/12-2 kings.json","95622483c3e50519340df464b9ddc4e38ab4ecaae2424b1657a36a1cac717a6e","12","kings","25","52","719","1","No provenance field in source JSON"
"am","data/bible/am/13-1 chronicles.json","f48f9d4a0fae1d4b2e9e7156d1dd32ed11699084371523aa79885dbc33e3eb94","13","first-chronicles","29","45","942","0","No provenance field in source JSON"
"am","data/bible/am/14-2 chronicles.json","aec4c86afe127e5559107495b2cc0f871d8fa2bc75aa554f8dc18f2cdbca9857","14","second-chronicles","36","46","835","0","No provenance field in source JSON"
"am","data/bible/am/15-kufale.json","bb86e1edacec1d3e56d32fd1222bb70827d80306b67e0e0142d6177b40b98539","15","jubilees","34","34","1217","1","No provenance field in source JSON"
"am","data/bible/am/16-enoch.json","dd05e9bfac98321f72b08e24a0fd0d33858a29e759e9038698d7b00a04acc1f3","16","enoch","42","42","1561","24","No provenance field in source JSON"
"am","data/bible/am/17-ezra.json","13395d4a7cdcef6bf03332dcf8cf6449f57300c45c8accaf8f4b87a34225d69a","17","ezra-nehemiah","10","14","280","0","No provenance field in source JSON"
"am","data/bible/am/18-nehemiah.json","21d9cfa1c19ce93c6ae73fc449527170a65d96c3109360796c8ad954a8914201","18","ezra-nehemiah","13","18","406","0","No provenance field in source JSON"
"am","data/bible/am/19-ezrasutuel.json","6ea09acb0eade22668e820217bd0171e2aa3b78cbdb3b4902efb3e11db44dfef","19","second-ezra-and-ezra-sutuel","13","32","711","0","No provenance field in source JSON"
"am","data/bible/am/20-ezrakale.json","8f6043ce8d32b776fcb63731ad9321bd4ed5e67826012a9de63c33b3ed70aef6","20","second-ezra-and-ezra-sutuel","9","31","449","0","No provenance field in source JSON"
"am","data/bible/am/21-tobit.json","d76e8dd31934419b5e63260bf8975d43b44e29a3417facb8e07e1d38013a10b1","21","tobit","14","25","244","0","No provenance field in source JSON"
"am","data/bible/am/22-yodit.json","f99b32825d4d29b002b311e526d90fbd1224a96b96b84885d9317b1cd3cef208","22","judith","16","25","344","0","No provenance field in source JSON"
"am","data/bible/am/23-esther.json","e6841bab4745702224bce28ce84213c2d5e805a281891bdbac502c1c9cd9eb4e","23","esther","11","20","258","11","No provenance field in source JSON"
"am","data/bible/am/24-1 maccabees.json","30084808309a610ba04fb326bd9bcd356bc745da72b6e2a30049962c3fa1bf32","24","first-meqabyan","36","36","756","0","No provenance field in source JSON"
"am","data/bible/am/25-2 maccabees.json","922bf7768f511a5e3695a6c39a9be01df013110f2b397f5fa4c643e59bd27846","25","second-and-third-meqabyan","21","21","424","0","No provenance field in source JSON"
"am","data/bible/am/26-3 maccabees.json","ed68243322fc642e5ac20723dff170901881c810e5248adc1eed5e4295e8dffd","26","second-and-third-meqabyan","10","10","208","0","No provenance field in source JSON"
"am","data/bible/am/27-job.json","887d6b71072a82c96f92d7632323e11628a63fb7db456a6a2ac8f47582317e36","27","job","42","48","1078","0","No provenance field in source JSON"
"am","data/bible/am/28-psalms.json","ad592820171baebe27d2cadd81176b6c629662efbe6cc8019f5b440d8c0447cb","28","psalms","150","150","2444","39","No provenance field in source JSON"
"am","data/bible/am/29-proverbs.json","abb7a1183f8aaebb7c8b1ef2879f1cc7f2543fe84184b484212b1872622154a3","29","proverbs","24","28","757","1","No provenance field in source JSON"
"am","data/bible/am/30-admonition.json","b2814ac021799e8581e248d39d107998e27f2fe40b312372a5139ba78031c4ad","30","tegsats","6","6","160","0","No provenance field in source JSON"
"am","data/bible/am/31-wisdom of solomon.json","7dd4a59324ec814c8db8bae70bc07ace5f481f92279e6906a0d04e8d94351d10","31","wisdom","19","43","436","0","No provenance field in source JSON"
"am","data/bible/am/32-ecclesiastes.json","d1a2090e7f7f43ea95b4446c69345e7855c57fbe6c3f4e549bbf777c2848e0c8","32","ecclesiastes","12","15","222","0","No provenance field in source JSON"
"am","data/bible/am/33-song of solomon.json","c30b60b35edfe73cb73423e8d0c94f4e3e2f4722594a0ba952051630211a2235","33","song-of-songs","8","8","118","1","No provenance field in source JSON"
"am","data/bible/am/34-sirach.json","300f5b0ae37f8197bbd42570d2f993cf850c5e60bf81baeeefd4bb98daf3f3a3","34","sirach","51","100","1396","0","No provenance field in source JSON"
"am","data/bible/am/35-isaiah.json","4105a623d1a4fafde5ecb80055fed3952ed35a47ba68b6236a30b10506bb246c","35","isaiah","66","87","1292","0","No provenance field in source JSON"
"am","data/bible/am/36-jeremiah.json","dea6d2c5f19a8efe3437481c361a47ad9ae47cf884c51dfcd85e27d7c5d32fb2","36","jeremiah-collection","52","93","1364","2","No provenance field in source JSON"
"am","data/bible/am/37-Baruch.json","c3ac38422166e24d2387643e5fc13ec7366e46dc01f6651bd04c4f966a75d78a","37","jeremiah-collection","5","9","141","0","No provenance field in source JSON"
"am","data/bible/am/38-lamentations.json","711e281d793038e04de12f8d2d8f65a2c8d1700534b28b4328d07b0068e7292f","38","jeremiah-collection","5","6","154","1","No provenance field in source JSON"
"am","data/bible/am/39-terefermias.json","8860fd9975352224154e23e88794d829a7f6e37e04bc7ebbbb1524c7c67f4677","39","jeremiah-collection","1","1","73","1","No provenance field in source JSON"
"am","data/bible/am/40-Teref Baruch.json","578ffe55e5e5724824c65f72dd59f46f412bbb1555993795e1a0db523d859a47","40","jeremiah-collection","5","5","183","0","No provenance field in source JSON"
"am","data/bible/am/41-ezekiel.json","ef051b33d9c86342959a1058e75317dc6e51a6c18f44b31e576eaa9ced099f64","41","ezekiel","48","74","1273","11","No provenance field in source JSON"
"am","data/bible/am/42-daniel.json","3df3260348e31c9ef9c62b79cd3f8c2070b1673913667defc248a25d475a67d0","42","daniel","14","27","530","2","No provenance field in source JSON"
"am","data/bible/am/43-hosea.json","3a8740f711e6e133b91553fe0d2d6055b528e2bdfcba8c6b6ebbed1160371369","43","hosea","14","19","197","0","No provenance field in source JSON"
"am","data/bible/am/44-amos.json","45e7d16f043260d0153b804885071ba8fce28137db64c7f35e76fe1ccbce983c","44","amos","9","24","146","0","No provenance field in source JSON"
"am","data/bible/am/45-micah.json","943fd9414c3a3b122ab95f182939c5e320ade11644e4a94f77002381955e9bbd","45","micah","7","7","105","0","No provenance field in source JSON"
"am","data/bible/am/46-joel.json","82cd310602d0a38d0b0584edae510e11bed466bf60ee543edf92533a9a786218","46","joel","3","3","73","0","No provenance field in source JSON"
"am","data/bible/am/47-obadiah.json","d52b3d2a358d1fa9168595c32894d5f73046e91006ed8c1b57597632fbb5c329","47","obadiah","1","3","21","0","No provenance field in source JSON"
"am","data/bible/am/48-jonah.json","84f8e406e49fd0f79568d058b868d75f29ce1de309b8f034305a6278f986fa2b","48","jonah","4","4","48","0","No provenance field in source JSON"
"am","data/bible/am/49-nahum.json","57569d8c85c80b7f718d3738920958465b487874915d9efbba6162b20b8e3a8b","49","nahum","3","3","47","0","No provenance field in source JSON"
"am","data/bible/am/50-habakkuk.json","1fdc83c42c533408cff2acf0bf5195a8de3841d368b59e301769aa048c509be2","50","habakkuk","3","3","56","0","No provenance field in source JSON"
"am","data/bible/am/51-zephaniah.json","15a3d4473b305cc3eb2dc22fef48e3375b11966f2fae7589d6ce48fed24e2ff6","51","zephaniah","3","3","52","1","No provenance field in source JSON"
"am","data/bible/am/52-haggai.json","9bc63aa4d80f80cbf76d152bf5b2284f604b16cd19bd1c83969f8136bbfba8af","52","haggai","2","2","37","0","No provenance field in source JSON"
"am","data/bible/am/53-zechariah.json","e958e25a45181734e7ffd44bf7683e5c77b2d7520e68a26647cdc22d13f6b8d7","53","zechariah","14","14","211","0","No provenance field in source JSON"
"am","data/bible/am/54-malachi.json","7a66dab65ab4daf8b32b2574c9a746043d12ad558c099b796262fadc29c1461a","54","malachi","4","4","55","0","No provenance field in source JSON"
"am","data/bible/am/55-matthew.json","37805cd414c444af83fb0bd536dfa0ef68d811e16eb5cbf324b38a66b3bd5ad9","55","matthew","28","129","1025","22","No provenance field in source JSON"
"am","data/bible/am/56-mark.json","b96a60b5bac88a4cbb617e46dc1fd1e36aacbbd068e1269df3b2f88bf67e49f6","56","mark","16","88","653","12","No provenance field in source JSON"
"am","data/bible/am/57-luke.json","73064471d0c9fcb360a2cdc3abbe8c371114a64e31821c6226287f48cbc2ffcf","57","luke","24","140","1150","0","No provenance field in source JSON"
"am","data/bible/am/58-john.json","500f3cc32067a29695c2ff3111621befac26501f59411127246bf9c6493ab45a","58","john","21","96","880","2","No provenance field in source JSON"
"am","data/bible/am/59-act.json","4f37e9d8c3e96fbfc7575259782a761f255f2a1644c9967aaef458751e70b62b","59","acts","28","85","1008","0","No provenance field in source JSON"
"am","data/bible/am/60-romans.json","693ed7e3dba2d83acdca5d9dbd38d8201141d07beca6a69fbd956df9903c56e0","60","romans","16","35","432","0","No provenance field in source JSON"
"am","data/bible/am/61-1_corinthians.json","8ee75534de15a04dc37aa4f89f3e0b5506354069e0d1bd6b1b697ba73facdfe3","61","first-corinthians","16","33","437","0","No provenance field in source JSON"
"am","data/bible/am/62-2_corinthians.json","4690d429a3fc578aba0a33e6d5eaffe2bfeb40c151e719b59fd801a8e7b84998","62","second-corinthians","13","28","256","0","No provenance field in source JSON"
"am","data/bible/am/63-galatians.json","264d54b654759d4bbe6f4aa4b7c50a587186fee3b3f314a7ea86bd64189cbbcc","63","galatians","6","15","149","0","No provenance field in source JSON"
"am","data/bible/am/64-ephesians.json","b5c9f0eef70d14595edfa34f9f6d7902dfa4030e18eaf0737b6cdfc500c3dcff","64","ephesians","6","14","155","0","No provenance field in source JSON"
"am","data/bible/am/65-philippians.json","2b3860d88131d8d1e05076b6b1f69e794b61f3ef96b6bf4c64908f951aec010f","65","philippians","4","11","104","0","No provenance field in source JSON"
"am","data/bible/am/66-colossians.json","fbe47363c0d31065d52fc4c07e250c761b02a1c10680666eab899999794b5de2","66","colossians","4","11","95","0","No provenance field in source JSON"
"am","data/bible/am/67-1_thessalonians.json","30e013e76456b9ce2806fa1428a8a71838a425fffbaec3376be8d692d5322240","67","first-thessalonians","5","9","78","8","No provenance field in source JSON"
"am","data/bible/am/68-2_thessalonians.json","0ea75e2e49cb632f26823b3e68af0969f26303f2590cf2648818d031b0b6ff30","68","second-thessalonians","3","7","39","6","No provenance field in source JSON"
"am","data/bible/am/69-1_timothy.json","a7d170c527d6a0df84cc89b14284845eaf4c6b65f5b62a120dc3947395684343","69","first-timothy","6","13","101","11","No provenance field in source JSON"
"am","data/bible/am/70-2_timothy.json","871c04df1cc6e7312fcb3f9a6c427b5431cfb09341ca8c1e4fd4835aae22eb3e","70","second-timothy","4","10","79","2","No provenance field in source JSON"
"am","data/bible/am/71-titus.json","cdb2abe024f1af80aaf9c1da50baff0163b5d4da7cee3a25debea49554d36223","71","titus","3","5","37","9","No provenance field in source JSON"
"am","data/bible/am/72-philemon.json","0f61aee207053ba4ac2f070f0c300599efe19fbc5b502f15b76158993eae1566","72","philemon","1","4","23","2","No provenance field in source JSON"
"am","data/bible/am/73-hebrews.json","6b56fd5893d229745f36109184cbd1cf0deec13abf2721ff92b961e050084ec3","73","hebrews","13","18","303","0","No provenance field in source JSON"
"am","data/bible/am/74-1_peter.json","94ed1b707999bbc58461a9323e9540709649e6766f559af2c24473c3b07a178b","74","first-peter","5","12","92","11","No provenance field in source JSON"
"am","data/bible/am/75-2_peter.json","94d0ddd03273a3c6b8063efd7721d632a416addaeca93291e814a95cb440e726","75","second-peter","3","5","56","5","No provenance field in source JSON"
"am","data/bible/am/76-1_john.json","90f5d11343cf5a37fcf8cb8ac6f54c8d32973adaa4c2637ea068e7cd384f0144","76","first-john","5","5","103","2","No provenance field in source JSON"
"am","data/bible/am/77-2_john.json","5a519ea34f4f2050eed5922f8f515b84c901ea4c87952dde5ce900cf272f2309","77","second-john","1","3","12","1","No provenance field in source JSON"
"am","data/bible/am/78-3-john.json","99afbbe30772fc81ccec460d25554acebbfc502fc13b6b9bb2e6979afb104ad5","78","third-john","1","4","15","0","No provenance field in source JSON"
"am","data/bible/am/79-james.json","b1981085e1f91bbe9df69f5842c58e511392f13bd90e1e9642d81f670c457c0a","79","james","5","14","105","3","No provenance field in source JSON"
"am","data/bible/am/80-jude.json","e1eec8c914f1d0f893ce7877ad3f249bcd2c68eab0761aa46844469237dfc849","80","jude","1","3","24","1","No provenance field in source JSON"
"am","data/bible/am/81-revelation.json","8b5452043c3c90895b6d1009f85e6cf822cb631a5ed304d95dba15edc6a731c3","81","revelation","22","39","372","13","No provenance field in source JSON"
"am","data/bible/am/82-1_celement.json","2b4faee29b5a1ec0d3ae3dbad56f36357118a7057a14f401bd5d45e817a46416","82","clement","12","12","1084","8","No provenance field in source JSON"
"am","data/bible/am/83-didascalia.json","b2f5cd4c96650593ae63621b9528ac58fcf60aaf86001e05e1c5ec52bba27f93","83","didascalia","43","43","1771","20","No provenance field in source JSON"
"web","data/bible/EN/web.json","bc857a75a179048640b4b5b45f6740633113c9f18f013b5d3c366c04d0ee6dd7","1–66","66 mapped volumes","1189","0","31103","118","Metadata: World English Bible 2006; Digital Bible Society; imported from The Unbound Bible"
